ISIN;null
Начальная дата;22.07.2023
Конечная дата;22.07.2024

ISIN;Полное наименование ЦБ;Объем эмиссии (млн);Дата;Номинал;Валюта номинала;Непогашенный номинал;Выплата (% от номинала);Размер выплаты;Размер выплаты, руб.*
RU000A1078X8;ДиректЛизинг БО 002Р-02;300;20.07.2024;1000;RUB;866,4;1,67;16,7;16,7
RU000A102ZC3;СФО Азимут 01;1600;20.07.2024;1000;RUB;445,66;7,42;74,21;74,21
RU000A0ZYH93;Новосибирск  мун.обл. 2017;5000;19.07.2024;1000;RUB;300;15;150;150
RU000A1078H1;СОБИ-ЛИЗИНГ 001Р-03;150;18.07.2024;1000;RUB;850;3;30;30
RU000A105P64;Феррони БО-02;200;18.07.2024;1000;RUB;700;10;100;100
RU000A103133;ХК Новотранс 001P-02;5000;18.07.2024;1000;RUB;875;12,5;125;125
RU000A1029G6;Администрация Красноярск 34013;3000;18.07.2024;1000;RUB;250;25;250;250
RU000A107D25;СФО Оптимум Финанс 01;208400;17.07.2024;1000;RUB;750,69;4,97;49,71;49,71
RU000A105RU5;Мосрегионлифт БО-01;200;17.07.2024;1000;RUB;900;5;50;50
RU000A103WD6;ПИМ БО-01;130;17.07.2024;1000;RUB;250;25;250;250
RU000A107EE3;СОБИ-ЛИЗИНГ 001Р-04;150;16.07.2024;1000;RUB;880;3;30;30
RU000A105AW7;Завод КЭС 001Р-03;150;16.07.2024;1000;RUB;950;5;50;50
RU000A104VD6;СФО Спутник Фин 01;440;16.07.2024;1000;RUB;347,5;8,93;89,31;89,31
RU000A1026R9;Сибирское Стекло БО-П02;125;16.07.2024;10000;RUB;7000;5;500;500
RU000A1071U9;Элемент Лизинг БО 001P-06;2500;14.07.2024;1000;RUB;750,7;2,77;27,7;27,7
RU000A106KW4;Элемент Лизинг БО 001P-05;3000;14.07.2024;1000;RUB;667,6;2,77;27,7;27,7
RU000A103XP8;Феррони БО-П01;250;14.07.2024;1000;RUB;900;5;50;50
RU000A106KT0;МигКредит БО-02;200;13.07.2024;1000;RUB;960;4;40;40
RU000A105849;Фордевинд 01;250;12.07.2024;1000;RUB;560;4;40;40
RU000A103X74;Фабрика ФАВОРИТ БО-П01;50;12.07.2024;1000;RUB;250;25;250;250
RU000A0ZYCD1;Курская область 35001 об.;4000;12.07.2024;1000;RUB;150;15;150;150
RU000A1080N5;Элемент Лизинг БО 001P-07;2500;11.07.2024;1000;RUB;880;4;40;40
RU000A104BX6;НТЦ ЕВРОВЕНТ БО-П01;50;11.07.2024;1000;RUB;250;25;250;250
RU000A105V74;Элемент Лизинг БО 001P-04;2500;10.07.2024;1000;RUB;529,1;2,77;27,7;27,7
RU000A105UZ8;МФК Саммит 001Р-01;200;10.07.2024;1000;RUB;792;4,16;41,6;41,6
RU000A0JUW23;РОСБАНК ПАО обл.15-ИП;5000;10.07.2024;1000;RUB;62,5;6,25;62,5;62,5
RU000A104B04;Петербургснаб 001Р-01;8,014;09.07.2024;1000;RUB;609;1,8;18;18
RU000A103DN5;Республика Башкортостан 34012;10000;09.07.2024;1000;RUB;700;30;300;300
RU000A102Y66;ЛЕГЕНДА БО 001P-04;4000;09.07.2024;1000;RUB;500;50;500;500
RU000A101WL3;МЭФ Московской области 34014;28000;09.07.2024;1000;RUB;400;30;300;300
RU000A101UW4;СФО Социального развия 02;1798,53;08.07.2024;1000;RUB;480,01;4,35;43,51;43,51
RU000A101UU8;СФО Социального развия 01;3216,086;08.07.2024;1000;RUB;480,01;4,35;43,51;43,51
RU000A106D18;МСБ-Лизинг 003P-01;300;07.07.2024;1000;RUB;958,33;4,17;41,67;41,67
RU000A103QJ5;МФК Займер - 03;500;07.07.2024;1000;RUB;112;5,55;55,5;55,5
RU000A1018T2;ДОМ.РФ Ипотечный агент 13-002P;96608,082;07.07.2024;1000;RUB;242,18;0,43;4,25;4,25
RU000A103F43;МФК ВЭББАНКИР 01;300;06.07.2024;1000;RUB;500,2;8,33;83,3;83,3
RU000A107C91;МСБ-Лизинг 003P-02;300;05.07.2024;1000;RUB;966,67;3,33;33,33;33,33
RU000A104EP6;НЗРМ ООО БО-01;160;05.07.2024;1000;RUB;925;7,5;75;75
RU000A100DQ4;ДОМ.РФ Ипотечный агент 09-002P;72973,525;05.07.2024;1000;RUB;192,85;1,56;15,59;15,59
RU000A106GY8;ДиректЛизинг БО 002Р-01;200;04.07.2024;1000;RUB;750;6,25;62,5;62,5
RU000A0JVM81;Оренбургская область 35003 об.;5000;04.07.2024;1000;RUB;200;20;200;200
RU000A1062J1;СФО ВТБ РКС Эталон 02;10000;03.07.2024;1000;RUB;897,75;5,63;56,31;56,31
RU000A105658;МСБ-Лизинг 002P-06;200;03.07.2024;1000;RUB;111,04;5,56;55,56;55,56
RU000A1029F8;Лизинг-Трейд 001P-02;500;03.07.2024;1000;RUB;250,3;8,33;83,3;83,3
RU000A105G99;СФО ВТБ РКС Эталон 01;10000;02.07.2024;1000;RUB;657,45;4,92;49,24;49,24
RU000A1032P1;ООО «СФО ВТБ РКС-1 »;35000;01.07.2024;1000;RUB;942,27;5,77;57,73;57,73
RU000A103VD8;МСБ-Лизинг 002P-05;96,142;30.06.2024;1000;RUB;749,98;2,78;27,78;27,78
RU000A1074N8;Практика ЛК 001Р-02;3000;29.06.2024;1000;RUB;850;3;30;30
RU000A107GM1;ДОМ.РФ Ипотечный агент БО 1P41;22247,078;28.06.2024;1000;RUB;916,53;4,36;43,63;43,63
RU000A107GL3;ДОМ.РФ Ипотечный агент БО 1P40;109723,714;28.06.2024;1000;RUB;909,83;1,28;12,77;12,77
RU000A107G55;ДОМ.РФ Ипотечный агент БО 1P39;49927,769;28.06.2024;1000;RUB;930,38;1;10,03;10,03
RU000A107EQ7;ДОМ.РФ Ипотечный агент БО 1P42;220287,737;28.06.2024;1000;RUB;889,19;5;49,96;49,96
RU000A1074A5;ДОМ.РФ Ипотечный агент БО 1P38;6111,769;28.06.2024;1000;RUB;901,67;0,92;9,23;9,23
RU000A106HE8;ДОМ.РФ Ипотечный агент БО 1P36;197427,672;28.06.2024;1000;RUB;778,77;4,21;42,13;42,13
RU000A106FM5;ДОМ.РФ Ипотечный агент БО 1P34;17391,177;28.06.2024;1000;RUB;906,28;0,59;5,88;5,88
RU000A1065R7;ДОМ.РФ Ипотечный агент БО 1P33;16515,643;28.06.2024;1000;RUB;796,57;0,87;8,71;8,71
RU000A105P72;ДОМ.РФ Ипотечный агент БО 1P28;48883,735;28.06.2024;1000;RUB;736,62;3,46;34,57;34,57
RU000A105NZ3;ДОМ.РФ Ипотечный агент БО 1P32;6128,78;28.06.2024;1000;RUB;829,1;0,57;5,74;5,74
RU000A105NY6;ДОМ.РФ Ипотечный агент БО 1P31;60843,021;28.06.2024;1000;RUB;683,96;3;30,03;30,03
RU000A105NN9;ДОМ.РФ Ипотечный агент БО 1P29;54789,504;28.06.2024;1000;RUB;773,19;0,9;9,05;9,05
RU000A105LN3;ДОМ.РФ Ипотечный агент БО 1P27;20597,323;28.06.2024;1000;RUB;744,85;0,91;9,07;9,07
RU000A105JF3;ДОМ.РФ Ипотечный агент БО 1P26;5477,816;28.06.2024;1000;RUB;839,29;0,56;5,6;5,6
RU000A105H23;ДОМ.РФ Ипотечный агент БО 1P25;5527,918;28.06.2024;1000;RUB;664,83;0,89;8,88;8,88
RU000A105CB7;ДОМ.РФ Ипотечный агент БО 1P24;10034,807;28.06.2024;1000;RUB;776;2,61;26,07;26,07
RU000A105AV9;ДОМ.РФ Ипотечный агент БО 1P23;5039,33;28.06.2024;1000;RUB;778,38;2,45;24,53;24,53
RU000A1058R2;ДОМ.РФ Ипотечный агент БО 1P22;6638,733;28.06.2024;1000;RUB;802,35;0,68;6,81;6,81
RU000A105344;ДОМ.РФ Ипотечный агент БО 1P20;155407,08;28.06.2024;1000;RUB;672,91;2,98;29,79;29,79
RU000A104X32;ДОМ.РФ Ипотечный агент БО 1P19;6704,238;28.06.2024;1000;RUB;753,07;0,88;8,83;8,83
RU000A104UV0;ДОМ.РФ Ипотечный агент БО 1P18;6183,696;28.06.2024;1000;RUB;751,51;0,68;6,83;6,83
RU000A104C45;ДОМ.РФ Ипотечный агент БО 1P15;10093,385;28.06.2024;1000;RUB;672,03;2,63;26,33;26,33
RU000A104B79;ДОМ.РФ Ипотечный агент БО 1P16;207605,03;28.06.2024;1000;RUB;616,32;0,88;8,84;8,84
RU000A104AM1;ДОМ.РФ Ипотечный агент БО 1P17;31410,336;28.06.2024;1000;RUB;628,53;0,82;8,23;8,23
RU000A1041Q0;ДОМ.РФ Ипотечный агент БО 1P13;5353,129;28.06.2024;1000;RUB;626,77;0,82;8,25;8,25
RU000A103125;ДОМ.РФ Ипотечный агент БО 1P7;11252,259;28.06.2024;1000;RUB;426,49;2,84;28,36;28,36
RU000A102L87;ДОМ.РФ Ипотечный агент БО 1P5;49087,016;28.06.2024;1000;RUB;402,98;2,22;22,16;22,16
RU000A102K13;ДОМ.РФ Ипотечный агент БО 1P4;191455,712;28.06.2024;1000;RUB;366,36;1,97;19,7;19,7
RU000A102GD1;ДОМ.РФ Ипотечный агент БО 1P3;16540,117;28.06.2024;1000;RUB;346,9;2,15;21,48;21,48
RU000A101U61;Минфин Ульяновской обл. 35002;7000;28.06.2024;1000;RUB;800;20;200;200
RU000A100ZB9;ДОМ.РФ Ипотечный агент 10-002P;95652,798;28.06.2024;1000;RUB;236,85;0,44;4,37;4,37
RU000A100YD8;Нафтатранс плюс ООО БО-02;250;28.06.2024;10000;RUB;1996;6,67;667;667
RU000A0ZZZ58;ДОМ.РФ Ипотечный агент 07-002P;46088,517;28.06.2024;1000;RUB;251,3;1,47;14,69;14,69
RU000A0ZZZ09;ДОМ.РФ Ипотечный агент 08-002P;5149,941;28.06.2024;1000;RUB;165,56;1,12;11,23;11,23
RU000A0ZZNW5;ДОМ.РФ Ипотечный агент 04-002P;4751,314;28.06.2024;1000;RUB;135,19;0,86;8,59;8,59
RU000A0JXRM6;ДОМ РФ ИА 01;49999,827;28.06.2024;1000;RUB;163,83;1,02;10,24;10,24
RU000A0JX3M0;ДОМ РФ ИА 001P;2108,581;28.06.2024;1000;RUB;69,12;0,38;3,78;3,78
RU000A105UD5;ИА Титан-5 Б;300;26.06.2024;1000;RUB;941,78;5,82;58,22;58,22
RU000A105UC7;ИА Титан-5 А;2540;26.06.2024;1000;RUB;623,18;3,9;38,99;38,99
RU000A104YR0;СФО МОС МСП 2 об. 3;4000;26.06.2024;1000;RUB;537,19;6,23;62,32;62,32
RU000A108C58;Элемент Лизинг БО 001P-08;3000;25.06.2024;1000;RUB;944,6;2,77;27,7;27,7
RU000A107GV2;ЛК Эволюция 001Р-01;1000;25.06.2024;1000;RUB;833,4;8,33;83,3;83,3
RU000A104CF1;Солид-Лизинг ООО 01;400;25.06.2024;1000;RUB;600;5;50;50
RU000A103S14;ПАО ЛК Европлан 001P-04;7000;25.06.2024;1000;RUB;300;10;100;100
RU000A103RY2;Интерлизинг 001Р-02;1500;25.06.2024;1000;RUB;175;16,5;165;165
RU000A103Q08;ХэндерсонБ01;1802,088;25.06.2024;1000;RUB;450;15;150;150
RU000A1013C9;ИС петролеум БО-П01;300;25.06.2024;1000;RUB;350;5;50;50
RU000A100PR6;Ярославская область 35017 обл.;3000;25.06.2024;1000;RUB;250;15;150;150
RU000A107CD9;Балтийский лизинг ООО БО-П09;3000;24.06.2024;1000;RUB;850;2,5;25;25
RU000A106EV9;КИФА 001P-01;200;24.06.2024;1000;RUB;800;20;200;200
RU000A104C78;АРЕНЗА-ПРО БО-01;300;24.06.2024;1000;RUB;200;10;100;100
RU000A101UL7;ЦГРМ ГЕНЕТИКО;145;24.06.2024;1000;RUB;571,45;14,28;142,85;142,85
RU000A101UG7;Свердловская область 34007;10000;24.06.2024;1000;RUB;500;25;250;250
RU000A106YR5;ДОМ.РФ Ипотечный агент БО 1P37;29839,165;23.06.2024;1000;RUB;907,36;0,97;9,71;9,71
RU000A106AK0;СОБИ-ЛИЗИНГ 001Р-02;200;23.06.2024;1000;RUB;670;3;30;30
RU000A105JN7;Глобал Факторинг БО-01-001P;100;23.06.2024;1000;RUB;680;4;40;40
RU000A105CL6;СОБИ-ЛИЗИНГ 001Р-01;100;23.06.2024;1000;RUB;460;3;30;30
RU000A103D37;ИА ТБ-1 кл.А;5622,5;23.06.2024;1000;RUB;126,76;2,92;29,17;29,17
RU000A0JXLU2;СФО Локосервис финанс ООО 01;4373;23.06.2024;1000;RUB;240;8,5;85;85
RU000A100TT4;БЭЛТИ-ГРАНД ООО БО-П02;300;22.06.2024;1000;RUB;76;7,7;77;77
RU000A103RJ3;Первое клиент.бюро НАО 001Р-02;1500;21.06.2024;1000;RUB;500;10;100;100
RU000A1078X8;ДиректЛизинг БО 002Р-02;300;20.06.2024;1000;RUB;866,4;1,67;16,7;16,7
RU000A105BZ8;СФО Альта;310;20.06.2024;1000;RUB;594,36;7,56;75,63;75,63
RU000A104B53;АСПЭК-Домстрой 01;294,573;20.06.2024;1000;RUB;500;25;250;250
RU000A1025F6;Белгородская область 34016;4500;20.06.2024;1000;RUB;60;28;280;280
RU000A104AX8;МФК Лайм-Займ 01;300;19.06.2024;1000;RUB;500;10;100;100
RU000A102KN2;Калининградская область 35003;2000;19.06.2024;1000;RUB;700;15;150;150
RU000A0ZZZV1;Республика Карелия 35019;2000;19.06.2024;1000;RUB;200;10;100;100
RU000A1078H1;СОБИ-ЛИЗИНГ 001Р-03;150;18.06.2024;1000;RUB;850;3;30;30
RU000A102KG6;ГК Пионер БО 001P-05;5000;18.06.2024;1000;RUB;340;16,5;165;165
RU000A107D25;СФО Оптимум Финанс 01;208400;17.06.2024;1000;RUB;750,69;4,05;40,49;40,49
RU000A105RU5;Мосрегионлифт БО-01;200;17.06.2024;1000;RUB;900;5;50;50
RU000A107EE3;СОБИ-ЛИЗИНГ 001Р-04;150;16.06.2024;1000;RUB;880;3;30;30
RU000A103C04;Круиз ООО БО-01;50;16.06.2024;1000;RUB;750;5;50;50
RU000A1026R9;Сибирское Стекло БО-П02;125;16.06.2024;10000;RUB;7000;5;500;500
RU000A1071U9;Элемент Лизинг БО 001P-06;2500;14.06.2024;1000;RUB;750,7;2,77;27,7;27,7
RU000A106KW4;Элемент Лизинг БО 001P-05;3000;14.06.2024;1000;RUB;667,6;2,77;27,7;27,7
RU000A0ZZM87;Красноярский край 35016 обл.;12000;14.06.2024;1000;RUB;200;10;100;100
RU000A0JWTV5;ГосТранспортЛизингКомп 001P-01;4259,08;14.06.2024;1000;RUB;348;2,7;27;27
RU000A0JV755;ИА АИЖК 2014-2 кл.А3;6459;13.06.2024;1000;RUB;176,63;1,9;19,04;19,04
RU000A105849;Фордевинд 01;250;12.06.2024;1000;RUB;560;4;40;40
RU000A101ZU7;ИА Абсолют 5 01;3003;12.06.2024;1000;RUB;260,19;2,14;21,41;21,41
RU000A1016Z3;ПИК-Корпорация 001Р-02;7000;12.06.2024;1000;RUB;250;25;250;250
RU000A0ZYL22;Карачаево-Черкесская Респ 2017;2000;12.06.2024;1000;RUB;250;25;250;250
RU000A0ZYAP9;ГосТранспортЛизингКомп 001P-06;20000;12.06.2024;1000;RUB;656,19;1,54;15,39;15,39
RU000A1080N5;Элемент Лизинг БО 001P-07;2500;11.06.2024;1000;RUB;880;4;40;40
RU000A105V74;Элемент Лизинг БО 001P-04;2500;10.06.2024;1000;RUB;529,1;2,77;27,7;27,7
RU000A105UZ8;МФК Саммит 001Р-01;200;10.06.2024;1000;RUB;792;4,16;41,6;41,6
RU000A104B04;Петербургснаб 001Р-01;8,014;09.06.2024;1000;RUB;609;1,8;18;18
RU000A1047S3;Первое клиент.бюро НАО 001Р-03;1500;07.06.2024;1000;RUB;600;10;100;100
RU000A103QJ5;МФК Займер - 03;500;07.06.2024;1000;RUB;112;5,55;55,5;55,5
RU000A1018T2;ДОМ.РФ Ипотечный агент 13-002P;96608,082;07.06.2024;1000;RUB;242,18;0,44;4,4;4,4
RU000A101665;Нижегородская область 35014;10000;07.06.2024;1000;RUB;400;30;300;300
RU000A1056T2;Центр-резерв БО-02;100;06.06.2024;1000;RUB;850;5;50;50
RU000A103F43;МФК ВЭББАНКИР 01;300;06.06.2024;1000;RUB;500,2;8,33;83,3;83,3
RU000A103828;ЭнергоТехСервис 001Р-04;1500;06.06.2024;1000;RUB;464;6,7;67;67
RU000A102KP7;СМАК БО-П01;50;05.06.2024;10000;RUB;2000;10;1000;1000
RU000A102G35;МЭФ Московской области 35016;30000;04.06.2024;1000;RUB;500;25;250;250
RU000A1062J1;СФО ВТБ РКС Эталон 02;10000;03.06.2024;1000;RUB;897,75;4,59;45,94;45,94
RU000A105658;МСБ-Лизинг 002P-06;200;03.06.2024;1000;RUB;111,04;5,56;55,56;55,56
RU000A1029F8;Лизинг-Трейд 001P-02;500;03.06.2024;1000;RUB;250,3;8,33;83,3;83,3
RU000A106CJ8;МФК Лайм-Займ 03;800;02.06.2024;1000;RUB;800;10;100;100
RU000A105G99;СФО ВТБ РКС Эталон 01;10000;02.06.2024;1000;RUB;657,45;4,59;45,88;45,88
RU000A107W71;Солид-Лизинг БО-02;500;31.05.2024;1000;RUB;950;5;50;50
RU000A103VD8;МСБ-Лизинг 002P-05;96,142;31.05.2024;1000;RUB;749,98;2,78;27,78;27,78
RU000A102LR1;Адм. г.Томск 34008;1000;31.05.2024;1000;RUB;350;25;250;250
RU000A1018A2;Адм. г.Томск 2019;1000;31.05.2024;1000;RUB;200;20;200;200
RU000A101RB4;Белгородская область 34015;2700;30.05.2024;1000;RUB;535;18,5;185;185
RU000A1074N8;Практика ЛК 001Р-02;3000;29.05.2024;1000;RUB;850;3;30;30
RU000A101QF7;Ритейл Бел Финанс 001P-01;5000;29.05.2024;1000;RUB;500;25;250;250
RU000A1014S3;ХК Новотранс 001P-01;6000;29.05.2024;1000;RUB;250;12,5;125;125
RU000A0ZYHX8;Санкт-Петербург обл. 35001;30000;29.05.2024;1000;RUB;670;33;330;330
RU000A107SY1;ДОМ.РФ Ипотечный агент БО 1P43;45499,876;28.05.2024;1000;RUB;903,03;9,7;96,97;96,97
RU000A107GL3;ДОМ.РФ Ипотечный агент БО 1P40;109723,714;28.05.2024;1000;RUB;909,83;1,44;14,36;14,36
RU000A107G55;ДОМ.РФ Ипотечный агент БО 1P39;49927,769;28.05.2024;1000;RUB;930,38;1,05;10,47;10,47
RU000A1074A5;ДОМ.РФ Ипотечный агент БО 1P38;6111,769;28.05.2024;1000;RUB;901,67;0,89;8,91;8,91
RU000A106FM5;ДОМ.РФ Ипотечный агент БО 1P34;17391,177;28.05.2024;1000;RUB;906,28;0,59;5,9;5,9
RU000A1065R7;ДОМ.РФ Ипотечный агент БО 1P33;16515,643;28.05.2024;1000;RUB;796,57;1,17;11,67;11,67
RU000A105NZ3;ДОМ.РФ Ипотечный агент БО 1P32;6128,78;28.05.2024;1000;RUB;829,1;0,72;7,2;7,2
RU000A105NN9;ДОМ.РФ Ипотечный агент БО 1P29;54789,504;28.05.2024;1000;RUB;773,19;0,98;9,8;9,8
RU000A105LN3;ДОМ.РФ Ипотечный агент БО 1P27;20597,323;28.05.2024;1000;RUB;744,85;1,08;10,79;10,79
RU000A105JF3;ДОМ.РФ Ипотечный агент БО 1P26;5477,816;28.05.2024;1000;RUB;839,29;0,87;8,73;8,73
RU000A105H23;ДОМ.РФ Ипотечный агент БО 1P25;5527,918;28.05.2024;1000;RUB;664,83;1,15;11,46;11,46
RU000A1058R2;ДОМ.РФ Ипотечный агент БО 1P22;6638,733;28.05.2024;1000;RUB;802,35;0,7;6,97;6,97
RU000A104X32;ДОМ.РФ Ипотечный агент БО 1P19;6704,238;28.05.2024;1000;RUB;753,07;0,8;7,99;7,99
RU000A104UV0;ДОМ.РФ Ипотечный агент БО 1P18;6183,696;28.05.2024;1000;RUB;751,51;0,79;7,93;7,93
RU000A104B79;ДОМ.РФ Ипотечный агент БО 1P16;207605,03;28.05.2024;1000;RUB;616,32;0,91;9,11;9,11
RU000A104AM1;ДОМ.РФ Ипотечный агент БО 1P17;31410,336;28.05.2024;1000;RUB;628,53;0,91;9,13;9,13
RU000A104511;ДОМ.РФ Ипотечный агент БО 1P14;69302,783;28.05.2024;1000;RUB;590,06;2,53;25,32;25,32
RU000A1041Q0;ДОМ.РФ Ипотечный агент БО 1P13;5353,129;28.05.2024;1000;RUB;626,77;0,79;7,9;7,9
RU000A103YK7;ДОМ.РФ Ипотечный агент БО 1P12;1857,26;28.05.2024;1000;RUB;579,16;2,95;29,52;29,52
RU000A103N43;ДОМ.РФ Ипотечный агент БО 1P9;9749,207;28.05.2024;1000;RUB;574,53;2,5;25,04;25,04
RU000A103604;ЭНЕРГОНИКА 001Р-02;100;28.05.2024;1000;RUB;400;25;250;250
RU000A102L53;ДОМ.РФ Ипотечный агент БО 1P6;45718,936;28.05.2024;1000;RUB;428;2,14;21,43;21,43
RU000A102JB9;ДОМ.РФ Ипотечный агент БО 1P2;10206,258;28.05.2024;1000;RUB;414,32;1,92;19,25;19,25
RU000A102D46;ДОМ.РФ Ипотечный агент 18-002P;14018,879;28.05.2024;1000;RUB;397,85;1,76;17,61;17,61
RU000A102AP8;ДОМ.РФ Ипотечный агент 17-002P;7244,692;28.05.2024;1000;RUB;390,42;2,26;22,61;22,61
RU000A101U95;ДОМ.РФ Ипотечный агент 14-002P;6652,643;28.05.2024;1000;RUB;340,24;2,28;22,8;22,8
RU000A101TD6;ДОМ.РФ Ипотечный агент 15-002P;16252,739;28.05.2024;1000;RUB;279,68;1,73;17,29;17,29
RU000A1019A0;ДОМ.РФ Ипотечный агент 04-001P;2663,462;28.05.2024;1000;RUB;231,29;0,93;9,27;9,27
RU000A1014B9;"О'КЕЙ" ООО БО 001Р-03;5000;28.05.2024;1000;RUB;250;12,5;125;125
RU000A100ZB9;ДОМ.РФ Ипотечный агент 10-002P;95652,798;28.05.2024;1000;RUB;236,85;0,44;4,45;4,45
RU000A0ZZV86;ДОМ.РФ Ипотечный агент 06-002P;74263,788;28.05.2024;1000;RUB;142,58;0,91;9,13;9,13
RU000A103M10;Балтийский лизинг ООО БО-П04;5000;27.05.2024;1000;RUB;175;16,5;165;165
RU000A108C58;Элемент Лизинг БО 001P-08;3000;26.05.2024;1000;RUB;944,6;2,77;27,7;27,7
RU000A104YR0;СФО МОС МСП 2 об. 3;4000;26.05.2024;1000;RUB;537,19;11,21;112,13;112,13
RU000A107CD9;Балтийский лизинг ООО БО-П09;3000;25.05.2024;1000;RUB;850;2,5;25;25
RU000A1013C9;ИС петролеум БО-П01;300;25.05.2024;1000;RUB;350;1;10;10
RU000A106AK0;СОБИ-ЛИЗИНГ 001Р-02;200;24.05.2024;1000;RUB;670;3;30;30
RU000A105JN7;Глобал Факторинг БО-01-001P;100;24.05.2024;1000;RUB;680;4;40;40
RU000A105CL6;СОБИ-ЛИЗИНГ 001Р-01;100;24.05.2024;1000;RUB;460;3;30;30
RU000A106YR5;ДОМ.РФ Ипотечный агент БО 1P37;29839,165;23.05.2024;1000;RUB;907,36;0,92;9,21;9,21
RU000A102GC3;БЭЛТИ-ГРАНД ООО БО-П03;200;23.05.2024;1000;RUB;460;6;60;60
RU000A1037E4;СпецИнвестЛизинг 001P-03;250;22.05.2024;1000;RUB;250;6,25;62,5;62,5
RU000A0JY023;ГосТранспортЛизингКомп 001P-05;170;22.05.2024;1000;USD;55;4,5;45;4068,37
RU000A1078X8;ДиректЛизинг БО 002Р-02;300;21.05.2024;1000;RUB;866,4;1,67;16,7;16,7
RU000A106ZM3;СФО Орион Финанс 01;520;21.05.2024;1000;RUB;800,36;8,57;85,66;85,66
RU000A1043B8;ТАЛАН-ФИНАНС БО 001Р-03;1000;20.05.2024;1000;RUB;850;15;150;150
RU000A104388;Совкомбанк Лизинг БО-П05;4500;20.05.2024;1000;RUB;680;16;160;160
RU000A1078H1;СОБИ-ЛИЗИНГ 001Р-03;150;19.05.2024;1000;RUB;850;3;30;30
RU000A107EE3;СОБИ-ЛИЗИНГ 001Р-04;150;17.05.2024;1000;RUB;880;3;30;30
RU000A107D25;СФО Оптимум Финанс 01;208400;17.05.2024;1000;RUB;750,69;4,33;43,31;43,31
RU000A102TK9;ЮниСервис Капитал 02К;90;17.05.2024;10000;RUB;9500;5;500;500
RU000A1026R9;Сибирское Стекло БО-П02;125;17.05.2024;10000;RUB;7000;5;500;500
RU000A101PA0;Белгородская область 34014;3000;17.05.2024;1000;RUB;550;20;200;200
RU000A0JWF30;ИАМультиоригинаторный 1 кл.А/4;2126,971;17.05.2024;1000;RUB;3,5;0,39;3,89;3,89
RU000A1077U6;Минфин Ульяновской обл. 34006;3000;16.05.2024;1000;RUB;700;30;300;300
RU000A105P07;Солид-Лизинг ООО БО-001-07;300;16.05.2024;1000;RUB;800;5;50;50
RU000A1071U9;Элемент Лизинг БО 001P-06;2500;15.05.2024;1000;RUB;750,7;2,77;27,7;27,7
RU000A106KW4;Элемент Лизинг БО 001P-05;3000;15.05.2024;1000;RUB;667,6;2,77;27,7;27,7
RU000A101DB4;СФО РуСол 1 класс Б;900;15.05.2024;1000;RUB;700,06;2,05;20,54;20,54
RU000A101DA6;СФО РуСол 1 класс А;4700;15.05.2024;1000;RUB;652,85;1,95;19,48;19,48
RU000A101D96;СФО РуСол 1 класс В;100;15.05.2024;1000;RUB;777,27;2,28;22,8;22,8
RU000A104107;Аквилон-Лизинг БО-01-001P;100;14.05.2024;1000;RUB;500;25;250;250
RU000A102RU2;ПАО ЛК Европлан 001P-01;13000;14.05.2024;1000;RUB;250;25;250;250
RU000A107795;МФК Лайм-Займ 04;500;13.05.2024;1000;RUB;900;10;100;100
RU000A105849;Фордевинд 01;250;13.05.2024;1000;RUB;560;4;40;40
RU000A105427;БЭЛТИ-ГРАНД ООО БО-П05;250;13.05.2024;1000;RUB;750;5;50;50
RU000A104JF6;Пушкинское ПЗ БО-01;375;13.05.2024;1000;RUB;900;10;100;100
RU000A1040R0;ХК Финанс ООО БО 001Р-07;1500;13.05.2024;1000;RUB;500;25;250;250
RU000A103JR3;Джи-групп 002P-01;1593,528;13.05.2024;1000;RUB;150;15;150;150
RU000A1080N5;Элемент Лизинг БО 001P-07;2500;12.05.2024;1000;RUB;880;4;40;40
RU000A104KM0;СЕЛЛ-Сервис БО-П01;65;12.05.2024;1000;RUB;950;5;50;50
RU000A105V74;Элемент Лизинг БО 001P-04;2500;11.05.2024;1000;RUB;529,1;2,77;27,7;27,7
RU000A105UZ8;МФК Саммит 001Р-01;200;11.05.2024;1000;RUB;792;4,16;41,6;41,6
RU000A104B04;Петербургснаб 001Р-01;8,014;10.05.2024;1000;RUB;609;1,7;17;17
RU000A103QJ5;МФК Займер - 03;500;08.05.2024;1000;RUB;112;5,55;55,5;55,5
RU000A107FW2;СФО ТЕМП 01;90;07.05.2024;1000;RUB;927,56;7,24;72,44;72,44
RU000A103F43;МФК ВЭББАНКИР 01;300;07.05.2024;1000;RUB;500,2;8,33;83,3;83,3
RU000A1018T2;ДОМ.РФ Ипотечный агент 13-002P;96608,082;07.05.2024;1000;RUB;242,18;0,47;4,68;4,68
RU000A104TG3;Центр-резерв БО-01;100;06.05.2024;1000;RUB;800;5;50;50
RU000A105TR7;АРЕНЗА-ПРО 001P-01;300;04.05.2024;1000;RUB;900;10;100;100
RU000A105658;МСБ-Лизинг 002P-06;200;04.05.2024;1000;RUB;111,04;5,56;55,56;55,56
RU000A1029F8;Лизинг-Трейд 001P-02;500;04.05.2024;1000;RUB;250,3;8,33;83,3;83,3
RU000A105G99;СФО ВТБ РКС Эталон 01;10000;02.05.2024;1000;RUB;657,45;4,86;48,63;48,63
RU000A103VD8;МСБ-Лизинг 002P-05;96,142;01.05.2024;1000;RUB;749,98;2,78;27,78;27,78
RU000A1050X7;НИКА 001Р-01;300;30.04.2024;1000;RUB;720;14;140;140
RU000A103DY2;БЭЛТИ-ГРАНД ООО БО-П04;250;29.04.2024;1000;RUB;805;4,5;45;45
RU000A107GL3;ДОМ.РФ Ипотечный агент БО 1P40;109723,714;28.04.2024;1000;RUB;909,83;1,46;14,65;14,65
RU000A107G55;ДОМ.РФ Ипотечный агент БО 1P39;49927,769;28.04.2024;1000;RUB;930,38;1,12;11,22;11,22
RU000A1074N8;Практика ЛК 001Р-02;3000;28.04.2024;1000;RUB;850;3;30;30
RU000A1074A5;ДОМ.РФ Ипотечный агент БО 1P38;6111,769;28.04.2024;1000;RUB;901,67;0,94;9,39;9,39
RU000A106FM5;ДОМ.РФ Ипотечный агент БО 1P34;17391,177;28.04.2024;1000;RUB;906,28;0,75;7,53;7,53
RU000A1065R7;ДОМ.РФ Ипотечный агент БО 1P33;16515,643;28.04.2024;1000;RUB;796,57;1,19;11,95;11,95
RU000A105NZ3;ДОМ.РФ Ипотечный агент БО 1P32;6128,78;28.04.2024;1000;RUB;829,1;0,89;8,94;8,94
RU000A105NP4;ДОМ.РФ Ипотечный агент БО 1P30;4465,49;28.04.2024;1000;RUB;754,39;3,35;33,51;33,51
RU000A105NN9;ДОМ.РФ Ипотечный агент БО 1P29;54789,504;28.04.2024;1000;RUB;773,19;0,97;9,71;9,71
RU000A105LN3;ДОМ.РФ Ипотечный агент БО 1P27;20597,323;28.04.2024;1000;RUB;744,85;1,01;10,1;10,1
RU000A105JF3;ДОМ.РФ Ипотечный агент БО 1P26;5477,816;28.04.2024;1000;RUB;839,29;0,8;7,97;7,97
RU000A105H23;ДОМ.РФ Ипотечный агент БО 1P25;5527,918;28.04.2024;1000;RUB;664,83;1,34;13,45;13,45
RU000A1058R2;ДОМ.РФ Ипотечный агент БО 1P22;6638,733;28.04.2024;1000;RUB;802,35;0,77;7,72;7,72
RU000A105898;ДОМ.РФ Ипотечный агент БО 1P21;2317,051;28.04.2024;1000;RUB;757,48;1,97;19,7;19,7
RU000A104X32;ДОМ.РФ Ипотечный агент БО 1P19;6704,238;28.04.2024;1000;RUB;753,07;0,96;9,58;9,58
RU000A104UV0;ДОМ.РФ Ипотечный агент БО 1P18;6183,696;28.04.2024;1000;RUB;751,51;0,77;7,74;7,74
RU000A104B79;ДОМ.РФ Ипотечный агент БО 1P16;207605,03;28.04.2024;1000;RUB;616,32;0,95;9,47;9,47
RU000A104AM1;ДОМ.РФ Ипотечный агент БО 1P17;31410,336;28.04.2024;1000;RUB;628,53;1,02;10,16;10,16
RU000A1041Q0;ДОМ.РФ Ипотечный агент БО 1P13;5353,129;28.04.2024;1000;RUB;626,77;0,84;8,42;8,42
RU000A103YG5;ДОМ.РФ Ипотечный агент БО 1P11;48293,483;28.04.2024;1000;RUB;645,89;2,66;26,64;26,64
RU000A103W42;ДОМ.РФ Ипотечный агент БО 1P10;3087,641;28.04.2024;1000;RUB;638,56;3,01;30,14;30,14
RU000A1031K4;ДОМ.РФ Ипотечный агент БО 1P8;4742,319;28.04.2024;1000;RUB;515,29;2,4;24,02;24,02
RU000A102MB3;ИА Титан-3 01;2275;28.04.2024;1000;RUB;163,18;1,85;18,51;18,51
RU000A102GV3;ДОМ.РФ Ипотечный агент БО 1P1;5825,188;28.04.2024;1000;RUB;456,76;1,64;16,4;16,4
RU000A101X01;ДОМ.РФ Ипотечный агент 16-002P;1035,6;28.04.2024;1000;RUB;355,39;1,87;18,7;18,7
RU000A101JD7;ДОМ.РФ Ипотечный агент 05-001P;7207,044;28.04.2024;1000;RUB;303,26;1,57;15,7;15,7
RU000A1016B4;ДОМ.РФ Ипотечный агент 12-002P;24085,632;28.04.2024;1000;RUB;304,67;1,76;17,63;17,63
RU000A100ZB9;ДОМ.РФ Ипотечный агент 10-002P;95652,798;28.04.2024;1000;RUB;236,85;0,48;4,81;4,81
RU000A100YY4;ДОМ.РФ Ипотечный агент 11-002P;4923,727;28.04.2024;1000;RUB;274,76;1,16;11,65;11,65
RU000A0ZZCH9;ДОМ.РФ Ипотечный агент 05-002P;6187,764;28.04.2024;1000;RUB;176,92;0,84;8,42;8,42
RU000A0ZYLX0;ДОМ РФ ИА 03;1957,905;28.04.2024;1000;RUB;86,06;0,47;4,69;4,69
RU000A0ZYL89;ДОМ РФ ИА 04;7557,011;28.04.2024;1000;RUB;63,44;0,42;4,22;4,22
RU000A0ZYJT2;ДОМ РФ ИА 002P;48197,806;28.04.2024;1000;RUB;64,32;0,48;4,76;4,76
RU000A104YR0;СФО МОС МСП 2 об. 3;4000;26.04.2024;1000;RUB;537,19;7,94;79,43;79,43
RU000A101Z66;Балтийский лизинг ООО БО-П03;5000;26.04.2024;1000;RUB;125;12,5;125;125
RU000A101D54;ГТЛК-1520 П01-БО-02;35600;26.04.2024;1000;RUB;575;2,5;25;25
RU000A107CD9;Балтийский лизинг ООО БО-П09;3000;25.04.2024;1000;RUB;850;2,5;25;25
RU000A106XX5;СФО Т-1-С-1 (структурные);165;25.04.2024;1000;CNY;1000;0;0;
RU000A103G83;ТД Синтеком БО-01;100;25.04.2024;1000;RUB;750;25;250;250
RU000A106AK0;СОБИ-ЛИЗИНГ 001Р-02;200;24.04.2024;1000;RUB;670;3;30;30
RU000A105JN7;Глобал Факторинг БО-01-001P;100;24.04.2024;1000;RUB;680;4;40;40
RU000A105CL6;СОБИ-ЛИЗИНГ 001Р-01;100;24.04.2024;1000;RUB;460;3;30;30
RU000A1013C9;ИС петролеум БО-П01;300;24.04.2024;1000;RUB;350;1;10;10
RU000A107M32;Аквилон-Лизинг БО-03-001P;100;23.04.2024;1000;RUB;840;8;80;80
RU000A106YR5;ДОМ.РФ Ипотечный агент БО 1P37;29839,165;23.04.2024;1000;RUB;907,36;0,98;9,76;9,76
RU000A105BP9;РЕАТОРГ 001Р-01;200;23.04.2024;1000;RUB;700;10;100;100
RU000A1078X8;ДиректЛизинг БО 002Р-02;300;21.04.2024;1000;RUB;866,4;1,67;16,7;16,7
RU000A102ZC3;СФО Азимут 01;1600;20.04.2024;1000;RUB;445,66;3,83;38,34;38,34
RU000A1078H1;СОБИ-ЛИЗИНГ 001Р-03;150;19.04.2024;1000;RUB;850;3;30;30
RU000A105P64;Феррони БО-02;200;19.04.2024;1000;RUB;700;10;100;100
RU000A107EE3;СОБИ-ЛИЗИНГ 001Р-04;150;17.04.2024;1000;RUB;880;3;30;30
RU000A107D25;СФО Оптимум Финанс 01;208400;17.04.2024;1000;RUB;750,69;4,34;43,38;43,38
RU000A103WD6;ПИМ БО-01;130;17.04.2024;1000;RUB;250;25;250;250
RU000A1026R9;Сибирское Стекло БО-П02;125;17.04.2024;10000;RUB;7000;5;500;500
RU000A100YE6;ТрансКонтейнер ПБО-01;10000;17.04.2024;1000;RUB;250;25;250;250
RU000A104VD6;СФО Спутник Фин 01;440;16.04.2024;1000;RUB;347,5;7,41;74,11;74,11
RU000A1071U9;Элемент Лизинг БО 001P-06;2500;15.04.2024;1000;RUB;750,7;2,77;27,7;27,7
RU000A106KW4;Элемент Лизинг БО 001P-05;3000;15.04.2024;1000;RUB;667,6;2,77;27,7;27,7
RU000A103XP8;Феррони БО-П01;250;15.04.2024;1000;RUB;900;5;50;50
RU000A105849;Фордевинд 01;250;13.04.2024;1000;RUB;560;4;40;40
RU000A103X74;Фабрика ФАВОРИТ БО-П01;50;13.04.2024;1000;RUB;250;25;250;250
RU000A1011Q3;Новосибирская область об. 20;5000;13.04.2024;1000;RUB;350;45;450;450
RU000A105V74;Элемент Лизинг БО 001P-04;2500;11.04.2024;1000;RUB;529,1;2,77;27,7;27,7
RU000A105UZ8;МФК Саммит 001Р-01;200;11.04.2024;1000;RUB;792;4,16;41,6;41,6
RU000A102895;Новосибирская область 34021;5000;11.04.2024;1000;RUB;800;20;200;200
RU000A104B04;Петербургснаб 001Р-01;8,014;10.04.2024;1000;RUB;609;1,7;17;17
RU000A0JUW23;РОСБАНК ПАО обл.15-ИП;5000;10.04.2024;1000;RUB;62,5;6,25;62,5;62,5
RU000A103QJ5;МФК Займер - 03;500;08.04.2024;1000;RUB;112;5,55;55,5;55,5
RU000A102ZH2;ЯТЭК 001Р-02;5000;08.04.2024;1000;RUB;600;20;200;200
RU000A101UW4;СФО Социального развия 02;1798,53;08.04.2024;1000;RUB;480,01;4,35;43,51;43,51
RU000A101UU8;СФО Социального развия 01;3216,086;08.04.2024;1000;RUB;480,01;4,35;43,51;43,51
RU000A103F43;МФК ВЭББАНКИР 01;300;07.04.2024;1000;RUB;500,2;8,33;83,3;83,3
RU000A1018T2;ДОМ.РФ Ипотечный агент 13-002P;96608,082;07.04.2024;1000;RUB;242,18;0,47;4,67;4,67
RU000A105AJ4;МФК Лайм-Займ 02;500;05.04.2024;1000;RUB;700;10;100;100
RU000A100DQ4;ДОМ.РФ Ипотечный агент 09-002P;72973,525;05.04.2024;1000;RUB;192,85;1,68;16,85;16,85
RU000A0JRU46;Северо-Зап.концес.комп. сер.04;5000;05.04.2024;1000;RUB;709;3,1;31;31
RU000A0JRU20;Северо-Зап.концес.комп. сер.03;5000;05.04.2024;1000;RUB;709;3,1;31;31
RU000A106GY8;ДиректЛизинг БО 002Р-01;200;04.04.2024;1000;RUB;750;6,25;62,5;62,5
RU000A105658;МСБ-Лизинг 002P-06;200;04.04.2024;1000;RUB;111,04;5,56;55,56;55,56
RU000A1029F8;Лизинг-Трейд 001P-02;500;04.04.2024;1000;RUB;250,3;8,33;83,3;83,3
RU000A105G99;СФО ВТБ РКС Эталон 01;10000;02.04.2024;1000;RUB;657,45;4,64;46,43;46,43
RU000A103VD8;МСБ-Лизинг 002P-05;96,142;01.04.2024;1000;RUB;749,98;2,78;27,78;27,78
XS0114288789;ГОВОЗ РФ SK-0-CM-128 (XS);8823,874;31.03.2024;1;USD;0,075;2;0,02;1,85
RU000A100YD8;Нафтатранс плюс ООО БО-02;250;30.03.2024;10000;RUB;1996;6,67;667;667
RU000A107GM1;ДОМ.РФ Ипотечный агент БО 1P41;22247,078;28.03.2024;1000;RUB;916,53;3,98;39,84;39,84
RU000A107GL3;ДОМ.РФ Ипотечный агент БО 1P40;109723,714;28.03.2024;1000;RUB;909,83;1,4;14;14
RU000A107G55;ДОМ.РФ Ипотечный агент БО 1P39;49927,769;28.03.2024;1000;RUB;930,38;1,06;10,59;10,59
RU000A107EQ7;ДОМ.РФ Ипотечный агент БО 1P42;220287,737;28.03.2024;1000;RUB;889,19;6,08;60,85;60,85
RU000A1074N8;Практика ЛК 001Р-02;3000;28.03.2024;1000;RUB;850;3;30;30
RU000A1074A5;ДОМ.РФ Ипотечный агент БО 1P38;6111,769;28.03.2024;1000;RUB;901,67;1,25;12,51;12,51
RU000A106HE8;ДОМ.РФ Ипотечный агент БО 1P36;197427,672;28.03.2024;1000;RUB;778,77;4,69;46,93;46,93
RU000A106FM5;ДОМ.РФ Ипотечный агент БО 1P34;17391,177;28.03.2024;1000;RUB;906,28;0,72;7,23;7,23
RU000A1065R7;ДОМ.РФ Ипотечный агент БО 1P33;16515,643;28.03.2024;1000;RUB;796,57;1,28;12,78;12,78
RU000A105P72;ДОМ.РФ Ипотечный агент БО 1P28;48883,735;28.03.2024;1000;RUB;736,62;3,62;36,2;36,2
RU000A105NZ3;ДОМ.РФ Ипотечный агент БО 1P32;6128,78;28.03.2024;1000;RUB;829,1;0,62;6,15;6,15
RU000A105NY6;ДОМ.РФ Ипотечный агент БО 1P31;60843,021;28.03.2024;1000;RUB;683,96;3,35;33,52;33,52
RU000A105NN9;ДОМ.РФ Ипотечный агент БО 1P29;54789,504;28.03.2024;1000;RUB;773,19;0,96;9,63;9,63
RU000A105LN3;ДОМ.РФ Ипотечный агент БО 1P27;20597,323;28.03.2024;1000;RUB;744,85;1,09;10,94;10,94
RU000A105JF3;ДОМ.РФ Ипотечный агент БО 1P26;5477,816;28.03.2024;1000;RUB;839,29;0,99;9,87;9,87
RU000A105H23;ДОМ.РФ Ипотечный агент БО 1P25;5527,918;28.03.2024;1000;RUB;664,83;0,85;8,49;8,49
RU000A105CB7;ДОМ.РФ Ипотечный агент БО 1P24;10034,807;28.03.2024;1000;RUB;776;2,77;27,72;27,72
RU000A105AV9;ДОМ.РФ Ипотечный агент БО 1P23;5039,33;28.03.2024;1000;RUB;778,38;2,07;20,72;20,72
RU000A1058R2;ДОМ.РФ Ипотечный агент БО 1P22;6638,733;28.03.2024;1000;RUB;802,35;0,7;6,95;6,95
RU000A105344;ДОМ.РФ Ипотечный агент БО 1P20;155407,08;28.03.2024;1000;RUB;672,91;3,4;33,98;33,98
RU000A104X32;ДОМ.РФ Ипотечный агент БО 1P19;6704,238;28.03.2024;1000;RUB;753,07;0,68;6,77;6,77
RU000A104UV0;ДОМ.РФ Ипотечный агент БО 1P18;6183,696;28.03.2024;1000;RUB;751,51;0,81;8,07;8,07
RU000A104C45;ДОМ.РФ Ипотечный агент БО 1P15;10093,385;28.03.2024;1000;RUB;672,03;2,38;23,77;23,77
RU000A104B79;ДОМ.РФ Ипотечный агент БО 1P16;207605,03;28.03.2024;1000;RUB;616,32;0,87;8,69;8,69
RU000A104AM1;ДОМ.РФ Ипотечный агент БО 1P17;31410,336;28.03.2024;1000;RUB;628,53;1,02;10,19;10,19
RU000A1041Q0;ДОМ.РФ Ипотечный агент БО 1P13;5353,129;28.03.2024;1000;RUB;626,77;0,86;8,62;8,62
RU000A103125;ДОМ.РФ Ипотечный агент БО 1P7;11252,259;28.03.2024;1000;RUB;426,49;2,71;27,12;27,12
RU000A102L87;ДОМ.РФ Ипотечный агент БО 1P5;49087,016;28.03.2024;1000;RUB;402,98;2,3;22,99;22,99
RU000A102K13;ДОМ.РФ Ипотечный агент БО 1P4;191455,712;28.03.2024;1000;RUB;366,36;2,07;20,71;20,71
RU000A102GD1;ДОМ.РФ Ипотечный агент БО 1P3;16540,117;28.03.2024;1000;RUB;346,9;2,14;21,43;21,43
RU000A100ZB9;ДОМ.РФ Ипотечный агент 10-002P;95652,798;28.03.2024;1000;RUB;236,85;0,47;4,66;4,66
RU000A0ZZZ58;ДОМ.РФ Ипотечный агент 07-002P;46088,517;28.03.2024;1000;RUB;251,3;1,52;15,21;15,21
RU000A0ZZZ09;ДОМ.РФ Ипотечный агент 08-002P;5149,941;28.03.2024;1000;RUB;165,56;1,19;11,89;11,89
RU000A0ZZNW5;ДОМ.РФ Ипотечный агент 04-002P;4751,314;28.03.2024;1000;RUB;135,19;0,98;9,79;9,79
RU000A0JXRM6;ДОМ РФ ИА 01;49999,827;28.03.2024;1000;RUB;163,83;1,03;10,26;10,26
RU000A0JX3M0;ДОМ РФ ИА 001P;2108,581;28.03.2024;1000;RUB;69,12;0,49;4,94;4,94
RU000A107GV2;ЛК Эволюция 001Р-01;1000;26.03.2024;1000;RUB;833,4;8,33;83,3;83,3
RU000A107CD9;Балтийский лизинг ООО БО-П09;3000;26.03.2024;1000;RUB;850;2,5;25;25
RU000A105UC7;ИА Титан-5 А;2540;26.03.2024;1000;RUB;623,18;5,21;52,13;52,13
RU000A104YR0;СФО МОС МСП 2 об. 3;4000;26.03.2024;1000;RUB;537,19;5,52;55,15;55,15
RU000A104CF1;Солид-Лизинг ООО 01;400;26.03.2024;1000;RUB;600;5;50;50
RU000A103S14;ПАО ЛК Европлан 001P-04;7000;26.03.2024;1000;RUB;300;10;100;100
RU000A103RY2;Интерлизинг 001Р-02;1500;26.03.2024;1000;RUB;175;16,5;165;165
RU000A103Q08;ХэндерсонБ01;1802,088;26.03.2024;1000;RUB;450;7,5;75;75
RU000A106AK0;СОБИ-ЛИЗИНГ 001Р-02;200;25.03.2024;1000;RUB;670;3;30;30
RU000A105JN7;Глобал Факторинг БО-01-001P;100;25.03.2024;1000;RUB;680;4;40;40
RU000A105CL6;СОБИ-ЛИЗИНГ 001Р-01;100;25.03.2024;1000;RUB;460;3;30;30
RU000A104C78;АРЕНЗА-ПРО БО-01;300;25.03.2024;1000;RUB;200;10;100;100
RU000A101UL7;ЦГРМ ГЕНЕТИКО;145;25.03.2024;1000;RUB;571,45;14,28;142,85;142,85
RU000A100TT4;БЭЛТИ-ГРАНД ООО БО-П02;300;24.03.2024;1000;RUB;76;7,7;77;77
RU000A0ZZEM5;Ярославская область 35016 обл.;3000;24.03.2024;1000;RUB;550;15;150;150
RU000A106YR5;ДОМ.РФ Ипотечный агент БО 1P37;29839,165;23.03.2024;1000;RUB;907,36;0,94;9,36;9,36
RU000A103D37;ИА ТБ-1 кл.А;5622,5;23.03.2024;1000;RUB;126,76;3,25;32,51;32,51
RU000A0JXLU2;СФО Локосервис финанс ООО 01;4373;23.03.2024;1000;RUB;240;8,5;85;85
RU000A1078X8;ДиректЛизинг БО 002Р-02;300;22.03.2024;1000;RUB;866,4;1,67;16,7;16,7
RU000A1058U6;МФК КарМани 02;274,622;22.03.2024;1000;RUB;700;10;100;100
RU000A103RJ3;Первое клиент.бюро НАО 001Р-02;1500;22.03.2024;1000;RUB;500;10;100;100
RU000A105BZ8;СФО Альта;310;21.03.2024;1000;RUB;594,36;14,32;143,18;143,18
RU000A104B53;АСПЭК-Домстрой 01;294,573;21.03.2024;1000;RUB;500;25;250;250
RU000A1025F6;Белгородская область 34016;4500;21.03.2024;1000;RUB;60;10;100;100
RU000A1078H1;СОБИ-ЛИЗИНГ 001Р-03;150;20.03.2024;1000;RUB;850;3;30;30
RU000A102KG6;ГК Пионер БО 001P-05;5000;19.03.2024;1000;RUB;340;16,5;165;165
RU000A103C04;Круиз ООО БО-01;50;18.03.2024;1000;RUB;750;5;50;50
RU000A1026R9;Сибирское Стекло БО-П02;125;18.03.2024;10000;RUB;7000;5;500;500
RU000A107D25;СФО Оптимум Финанс 01;208400;17.03.2024;1000;RUB;750,69;4,94;49,45;49,45
RU000A1071U9;Элемент Лизинг БО 001P-06;2500;16.03.2024;1000;RUB;750,7;2,77;27,7;27,7
RU000A106KW4;Элемент Лизинг БО 001P-05;3000;16.03.2024;1000;RUB;667,6;2,77;27,7;27,7
RU000A105849;Фордевинд 01;250;14.03.2024;1000;RUB;560;4;40;40
RU000A1040S8;Минфин Ульяновской обл. 34004;3000;14.03.2024;1000;RUB;500;25;250;250
RU000A0ZYAP9;ГосТранспортЛизингКомп 001P-06;20000;13.03.2024;1000;RUB;656,19;1,51;15,09;15,09
RU000A0JV755;ИА АИЖК 2014-2 кл.А3;6459;13.03.2024;1000;RUB;176,63;1,87;18,73;18,73
RU000A105V74;Элемент Лизинг БО 001P-04;2500;12.03.2024;1000;RUB;529,1;2,77;27,7;27,7
RU000A105UZ8;МФК Саммит 001Р-01;200;12.03.2024;1000;RUB;792;4,16;41,6;41,6
RU000A101ZU7;ИА Абсолют 5 01;3003;12.03.2024;1000;RUB;260,19;1,78;17,77;17,77
RU000A104B04;Петербургснаб 001Р-01;8,014;11.03.2024;1000;RUB;609;1,7;17;17
RU000A103R98;МФК КарМани 01;400;11.03.2024;1000;RUB;500;10;100;100
RU000A103QJ5;МФК Займер - 03;500;09.03.2024;1000;RUB;112;5,55;55,5;55,5
RU000A1056T2;Центр-резерв БО-02;100;08.03.2024;1000;RUB;850;5;50;50
RU000A1047S3;Первое клиент.бюро НАО 001Р-03;1500;08.03.2024;1000;RUB;600;10;100;100
RU000A103F43;МФК ВЭББАНКИР 01;300;08.03.2024;1000;RUB;500,2;8,33;83,3;83,3
RU000A103828;ЭнергоТехСервис 001Р-04;1500;07.03.2024;1000;RUB;464;6,7;67;67
RU000A102KP7;СМАК БО-П01;50;07.03.2024;10000;RUB;2000;10;1000;1000
RU000A1018T2;ДОМ.РФ Ипотечный агент 13-002P;96608,082;07.03.2024;1000;RUB;242,18;0,42;4,18;4,18
RU000A105658;МСБ-Лизинг 002P-06;200;05.03.2024;1000;RUB;111,04;5,56;55,56;55,56
RU000A1029F8;Лизинг-Трейд 001P-02;500;05.03.2024;1000;RUB;250,3;8,33;83,3;83,3
RU000A105G99;СФО ВТБ РКС Эталон 01;10000;02.03.2024;1000;RUB;657,45;4,65;46,48;46,48
RU000A103VD8;МСБ-Лизинг 002P-05;96,142;02.03.2024;1000;RUB;749,98;2,78;27,78;27,78
RU000A107GL3;ДОМ.РФ Ипотечный агент БО 1P40;109723,714;28.02.2024;1000;RUB;909,83;1,42;14,15;14,15
RU000A107G55;ДОМ.РФ Ипотечный агент БО 1P39;49927,769;28.02.2024;1000;RUB;930,38;1,03;10,27;10,27
RU000A1074A5;ДОМ.РФ Ипотечный агент БО 1P38;6111,769;28.02.2024;1000;RUB;901,67;0,76;7,61;7,61
RU000A106FM5;ДОМ.РФ Ипотечный агент БО 1P34;17391,177;28.02.2024;1000;RUB;906,28;0,56;5,61;5,61
RU000A1065R7;ДОМ.РФ Ипотечный агент БО 1P33;16515,643;28.02.2024;1000;RUB;796,57;1,09;10,93;10,93
RU000A105NZ3;ДОМ.РФ Ипотечный агент БО 1P32;6128,78;28.02.2024;1000;RUB;829,1;0,55;5,46;5,46
RU000A105NN9;ДОМ.РФ Ипотечный агент БО 1P29;54789,504;28.02.2024;1000;RUB;773,19;0,95;9,49;9,49
RU000A105LN3;ДОМ.РФ Ипотечный агент БО 1P27;20597,323;28.02.2024;1000;RUB;744,85;0,92;9,25;9,25
RU000A105JF3;ДОМ.РФ Ипотечный агент БО 1P26;5477,816;28.02.2024;1000;RUB;839,29;0,54;5,38;5,38
RU000A105H23;ДОМ.РФ Ипотечный агент БО 1P25;5527,918;28.02.2024;1000;RUB;664,83;0,72;7,2;7,2
RU000A1058R2;ДОМ.РФ Ипотечный агент БО 1P22;6638,733;28.02.2024;1000;RUB;802,35;0,52;5,15;5,15
RU000A104X32;ДОМ.РФ Ипотечный агент БО 1P19;6704,238;28.02.2024;1000;RUB;753,07;0,7;6,97;6,97
RU000A104UV0;ДОМ.РФ Ипотечный агент БО 1P18;6183,696;28.02.2024;1000;RUB;751,51;0,58;5,82;5,82
RU000A104B79;ДОМ.РФ Ипотечный агент БО 1P16;207605,03;28.02.2024;1000;RUB;616,32;0,86;8,58;8,58
RU000A104AM1;ДОМ.РФ Ипотечный агент БО 1P17;31410,336;28.02.2024;1000;RUB;628,53;0,7;7,02;7,02
RU000A104511;ДОМ.РФ Ипотечный агент БО 1P14;69302,783;28.02.2024;1000;RUB;590,06;2,69;26,88;26,88
RU000A1041Q0;ДОМ.РФ Ипотечный агент БО 1P13;5353,129;28.02.2024;1000;RUB;626,77;0,92;9,25;9,25
RU000A103YK7;ДОМ.РФ Ипотечный агент БО 1P12;1857,26;28.02.2024;1000;RUB;579,16;2,73;27,29;27,29
RU000A103N43;ДОМ.РФ Ипотечный агент БО 1P9;9749,207;28.02.2024;1000;RUB;574,53;2,77;27,68;27,68
RU000A102L53;ДОМ.РФ Ипотечный агент БО 1P6;45718,936;28.02.2024;1000;RUB;428;2,32;23,21;23,21
RU000A102JB9;ДОМ.РФ Ипотечный агент БО 1P2;10206,258;28.02.2024;1000;RUB;414,32;2,22;22,17;22,17
RU000A102D46;ДОМ.РФ Ипотечный агент 18-002P;14018,879;28.02.2024;1000;RUB;397,85;2,23;22,28;22,28
RU000A102AP8;ДОМ.РФ Ипотечный агент 17-002P;7244,692;28.02.2024;1000;RUB;390,42;2,46;24,55;24,55
RU000A101U95;ДОМ.РФ Ипотечный агент 14-002P;6652,643;28.02.2024;1000;RUB;340,24;2,41;24,14;24,14
RU000A101TD6;ДОМ.РФ Ипотечный агент 15-002P;16252,739;28.02.2024;1000;RUB;279,68;1,83;18,33;18,33
RU000A1019A0;ДОМ.РФ Ипотечный агент 04-001P;2663,462;28.02.2024;1000;RUB;231,29;1,04;10,44;10,44
RU000A1014S3;ХК Новотранс 001P-01;6000;28.02.2024;1000;RUB;250;12,5;125;125
RU000A100ZB9;ДОМ.РФ Ипотечный агент 10-002P;95652,798;28.02.2024;1000;RUB;236,85;0,46;4,61;4,61
RU000A0ZZV86;ДОМ.РФ Ипотечный агент 06-002P;74263,788;28.02.2024;1000;RUB;142,58;1,03;10,25;10,25
RU000A102T63;Группа ЛСР ПАО БО 001Р-06;5000;27.02.2024;1000;RUB;800;20;200;200
RU000A1014B9;"О'КЕЙ" ООО БО 001Р-03;5000;27.02.2024;1000;RUB;250;12,5;125;125
RU000A1074N8;Практика ЛК 001Р-02;3000;26.02.2024;1000;RUB;850;3;30;30
RU000A104YR0;СФО МОС МСП 2 об. 3;4000;26.02.2024;1000;RUB;537,19;9,48;94,81;94,81
RU000A103M10;Балтийский лизинг ООО БО-П04;5000;26.02.2024;1000;RUB;175;16,5;165;165
RU000A0ZZNJ2;Республика Саха (Якутия) об.11;6000;26.02.2024;1000;RUB;400;10;100;100
RU000A107CD9;Балтийский лизинг ООО БО-П09;3000;25.02.2024;1000;RUB;850;2,5;25;25
RU000A101WD0;Ярославская область 35018;4000;25.02.2024;1000;RUB;400;15;150;150
RU000A106AK0;СОБИ-ЛИЗИНГ 001Р-02;200;24.02.2024;1000;RUB;670;3;30;30
RU000A105JN7;Глобал Факторинг БО-01-001P;100;24.02.2024;1000;RUB;680;4;40;40
RU000A105CL6;СОБИ-ЛИЗИНГ 001Р-01;100;24.02.2024;1000;RUB;460;3;30;30
RU000A106YR5;ДОМ.РФ Ипотечный агент БО 1P37;29839,165;23.02.2024;1000;RUB;907,36;0,88;8,79;8,79
RU000A102GC3;БЭЛТИ-ГРАНД ООО БО-П03;200;23.02.2024;1000;RUB;460;6;60;60
RU000A1022G1;Бизнес-Недвижимость 001Р-01;4000;23.02.2024;1000;RUB;400;20;200;200
RU000A1037E4;СпецИнвестЛизинг 001P-03;250;22.02.2024;1000;RUB;250;6,25;62,5;62,5
RU000A101GD3;ГТЛК БО 001P-16;10000;22.02.2024;1000;RUB;500;12,5;125;125
RU000A1078X8;ДиректЛизинг БО 002Р-02;300;21.02.2024;1000;RUB;866,4;1,67;16,7;16,7
RU000A0JY023;ГосТранспортЛизингКомп 001P-05;170;21.02.2024;1000;USD;55;4,5;45;4155,7
RU000A106ZM3;СФО Орион Финанс 01;520;20.02.2024;1000;RUB;800,36;11,4;113,98;113,98
RU000A104388;Совкомбанк Лизинг БО-П05;4500;19.02.2024;1000;RUB;680;16;160;160
RU000A107D25;СФО Оптимум Финанс 01;208400;17.02.2024;1000;RUB;750,69;2,3;22,97;22,97
RU000A1026R9;Сибирское Стекло БО-П02;125;17.02.2024;10000;RUB;7000;5;500;500
RU000A0JWF30;ИАМультиоригинаторный 1 кл.А/4;2126,971;17.02.2024;1000;RUB;3,5;0,98;9,85;9,85
RU000A105P07;Солид-Лизинг ООО БО-001-07;300;16.02.2024;1000;RUB;800;5;50;50
RU000A1071U9;Элемент Лизинг БО 001P-06;2500;15.02.2024;1000;RUB;750,7;2,77;27,7;27,7
RU000A106KW4;Элемент Лизинг БО 001P-05;3000;15.02.2024;1000;RUB;667,6;2,77;27,7;27,7
RU000A101DB4;СФО РуСол 1 класс Б;900;15.02.2024;1000;RUB;700,06;2,07;20,69;20,69
RU000A101DA6;СФО РуСол 1 класс А;4700;15.02.2024;1000;RUB;652,85;2,51;25,1;25,1
RU000A101D96;СФО РуСол 1 класс В;100;15.02.2024;1000;RUB;777,27;2,3;22,97;22,97
RU000A105849;Фордевинд 01;250;13.02.2024;1000;RUB;560;4;40;40
RU000A105427;БЭЛТИ-ГРАНД ООО БО-П05;250;13.02.2024;1000;RUB;750;5;50;50
RU000A104107;Аквилон-Лизинг БО-01-001P;100;13.02.2024;1000;RUB;500;25;250;250
RU000A102RU2;ПАО ЛК Европлан 001P-01;13000;13.02.2024;1000;RUB;250;25;250;250
RU000A102CR0;МЭФ Московской области 35015;30000;13.02.2024;1000;RUB;700;30;300;300
RU000A1040R0;ХК Финанс ООО БО 001Р-07;1500;12.02.2024;1000;RUB;500;25;250;250
RU000A103JR3;Джи-групп 002P-01;1593,528;12.02.2024;1000;RUB;150;15;150;150
RU000A105V74;Элемент Лизинг БО 001P-04;2500;11.02.2024;1000;RUB;529,1;2,77;27,7;27,7
RU000A104B04;Петербургснаб 001Р-01;8,014;10.02.2024;1000;RUB;609;1,7;17;17
RU000A103QJ5;МФК Займер - 03;500;08.02.2024;1000;RUB;112;5,55;55,5;55,5
RU000A103F43;МФК ВЭББАНКИР 01;300;07.02.2024;1000;RUB;500,2;8,33;83,3;83,3
RU000A1018T2;ДОМ.РФ Ипотечный агент 13-002P;96608,082;07.02.2024;1000;RUB;242,18;0,51;5,14;5,14
RU000A104TG3;Центр-резерв БО-01;100;06.02.2024;1000;RUB;800;5;50;50
RU000A105658;МСБ-Лизинг 002P-06;200;04.02.2024;1000;RUB;111,04;5,56;55,56;55,56
RU000A1029F8;Лизинг-Трейд 001P-02;500;04.02.2024;1000;RUB;250,3;8,33;83,3;83,3
RU000A105G99;СФО ВТБ РКС Эталон 01;10000;02.02.2024;1000;RUB;657,45;5,44;54,43;54,43
RU000A103VD8;МСБ-Лизинг 002P-05;96,142;01.02.2024;1000;RUB;749,98;2,78;27,78;27,78
RU000A103H25;НПО ХимТэк 001P-01;150;01.02.2024;1000;RUB;800;10;100;100
RU000A1050X7;НИКА 001Р-01;300;30.01.2024;1000;RUB;720;14;140;140
RU000A103DY2;БЭЛТИ-ГРАНД ООО БО-П04;250;30.01.2024;1000;RUB;805;4,5;45;45
RU000A107GL3;ДОМ.РФ Ипотечный агент БО 1P40;109723,714;28.01.2024;1000;RUB;909,83;2,02;20,24;20,24
RU000A107G55;ДОМ.РФ Ипотечный агент БО 1P39;49927,769;28.01.2024;1000;RUB;930,38;1,7;17,04;17,04
RU000A1074A5;ДОМ.РФ Ипотечный агент БО 1P38;6111,769;28.01.2024;1000;RUB;901,67;1,2;12,03;12,03
RU000A106FM5;ДОМ.РФ Ипотечный агент БО 1P34;17391,177;28.01.2024;1000;RUB;906,28;0,88;8,81;8,81
RU000A1065R7;ДОМ.РФ Ипотечный агент БО 1P33;16515,643;28.01.2024;1000;RUB;796,57;1,37;13,74;13,74
RU000A105NZ3;ДОМ.РФ Ипотечный агент БО 1P32;6128,78;28.01.2024;1000;RUB;829,1;0,8;8;8
RU000A105NP4;ДОМ.РФ Ипотечный агент БО 1P30;4465,49;28.01.2024;1000;RUB;754,39;4,2;41,98;41,98
RU000A105NN9;ДОМ.РФ Ипотечный агент БО 1P29;54789,504;28.01.2024;1000;RUB;773,19;1,1;10,98;10,98
RU000A105LN3;ДОМ.РФ Ипотечный агент БО 1P27;20597,323;28.01.2024;1000;RUB;744,85;1,41;14,11;14,11
RU000A105JF3;ДОМ.РФ Ипотечный агент БО 1P26;5477,816;28.01.2024;1000;RUB;839,29;0,81;8,13;8,13
RU000A105H23;ДОМ.РФ Ипотечный агент БО 1P25;5527,918;28.01.2024;1000;RUB;664,83;1,34;13,41;13,41
RU000A1058R2;ДОМ.РФ Ипотечный агент БО 1P22;6638,733;28.01.2024;1000;RUB;802,35;0,94;9,36;9,36
RU000A105898;ДОМ.РФ Ипотечный агент БО 1P21;2317,051;28.01.2024;1000;RUB;757,48;2,51;25,13;25,13
RU000A104X32;ДОМ.РФ Ипотечный агент БО 1P19;6704,238;28.01.2024;1000;RUB;753,07;1,26;12,61;12,61
RU000A104UV0;ДОМ.РФ Ипотечный агент БО 1P18;6183,696;28.01.2024;1000;RUB;751,51;0,87;8,67;8,67
RU000A104B79;ДОМ.РФ Ипотечный агент БО 1P16;207605,03;28.01.2024;1000;RUB;616,32;1,02;10,17;10,17
RU000A104AM1;ДОМ.РФ Ипотечный агент БО 1P17;31410,336;28.01.2024;1000;RUB;628,53;1,24;12,44;12,44
RU000A1041Q0;ДОМ.РФ Ипотечный агент БО 1P13;5353,129;28.01.2024;1000;RUB;626,77;1,16;11,65;11,65
RU000A103YG5;ДОМ.РФ Ипотечный агент БО 1P11;48293,483;28.01.2024;1000;RUB;645,89;3,21;32,06;32,06
RU000A103W42;ДОМ.РФ Ипотечный агент БО 1P10;3087,641;28.01.2024;1000;RUB;638,56;3,47;34,68;34,68
RU000A1031K4;ДОМ.РФ Ипотечный агент БО 1P8;4742,319;28.01.2024;1000;RUB;515,29;2,59;25,93;25,93
RU000A102MB3;ИА Титан-3 01;2275;28.01.2024;1000;RUB;163,18;3,25;32,5;32,5
RU000A102GV3;ДОМ.РФ Ипотечный агент БО 1P1;5825,188;28.01.2024;1000;RUB;456,76;2,04;20,36;20,36
RU000A101X01;ДОМ.РФ Ипотечный агент 16-002P;1035,6;28.01.2024;1000;RUB;355,39;2,79;27,87;27,87
RU000A101JD7;ДОМ.РФ Ипотечный агент 05-001P;7207,044;28.01.2024;1000;RUB;303,26;1,56;15,59;15,59
RU000A1016B4;ДОМ.РФ Ипотечный агент 12-002P;24085,632;28.01.2024;1000;RUB;304,67;1,96;19,55;19,55
RU000A100ZB9;ДОМ.РФ Ипотечный агент 10-002P;95652,798;28.01.2024;1000;RUB;236,85;0,52;5,15;5,15
RU000A100YY4;ДОМ.РФ Ипотечный агент 11-002P;4923,727;28.01.2024;1000;RUB;274,76;1,48;14,82;14,82
RU000A0ZZCH9;ДОМ.РФ Ипотечный агент 05-002P;6187,764;28.01.2024;1000;RUB;176,92;1,27;12,74;12,74
RU000A0ZYLX0;ДОМ РФ ИА 03;1957,905;28.01.2024;1000;RUB;86,06;0,75;7,49;7,49
RU000A0ZYL89;ДОМ РФ ИА 04;7557,011;28.01.2024;1000;RUB;63,44;0,49;4,89;4,89
RU000A0ZYJT2;ДОМ РФ ИА 002P;48197,806;28.01.2024;1000;RUB;64,32;0,54;5,43;5,43
RU000A107CD9;Балтийский лизинг ООО БО-П09;3000;26.01.2024;1000;RUB;850;2,5;25;25
RU000A104YR0;СФО МОС МСП 2 об. 3;4000;26.01.2024;1000;RUB;537,19;5,9;58,97;58,97
RU000A101Z66;Балтийский лизинг ООО БО-П03;5000;26.01.2024;1000;RUB;125;12,5;125;125
RU000A101D54;ГТЛК-1520 П01-БО-02;35600;26.01.2024;1000;RUB;575;2,5;25;25
RU000A0JRTL6;ОФЗ-АД 46023 23/07/26;295000;25.01.2024;1000;RUB;200;10;100;100
RU000A106XX5;СФО Т-1-С-1 (структурные);165;25.01.2024;1000;CNY;1000;0;0;
RU000A106AK0;СОБИ-ЛИЗИНГ 001Р-02;200;25.01.2024;1000;RUB;670;3;30;30
RU000A105JN7;Глобал Факторинг БО-01-001P;100;25.01.2024;1000;RUB;680;4;40;40
RU000A105CL6;СОБИ-ЛИЗИНГ 001Р-01;100;25.01.2024;1000;RUB;460;3;30;30
RU000A106YR5;ДОМ.РФ Ипотечный агент БО 1P37;29839,165;23.01.2024;1000;RUB;907,36;1,09;10,87;10,87
RU000A105BP9;РЕАТОРГ 001Р-01;200;23.01.2024;1000;RUB;700;10;100;100
RU000A1078X8;ДиректЛизинг БО 002Р-02;300;22.01.2024;1000;RUB;866,4;1,67;16,7;16,7
RU000A105P64;Феррони БО-02;200;20.01.2024;1000;RUB;700;10;100;100
RU000A102ZC3;СФО Азимут 01;1600;20.01.2024;1000;RUB;445,66;7,3;72,99;72,99
RU000A103WD6;ПИМ БО-01;130;17.01.2024;1000;RUB;250;25;250;250
RU000A100WF7;Новосибирск 35010;5000;17.01.2024;1000;RUB;550;25;250;250
RU000A1071U9;Элемент Лизинг БО 001P-06;2500;16.01.2024;1000;RUB;750,7;2,77;27,7;27,7
RU000A106KW4;Элемент Лизинг БО 001P-05;3000;16.01.2024;1000;RUB;667,6;2,77;27,7;27,7
RU000A104VD6;СФО Спутник Фин 01;440;16.01.2024;1000;RUB;347,5;6,29;62,94;62,94
RU000A105849;Фордевинд 01;250;14.01.2024;1000;RUB;560;4;40;40
RU000A103X74;Фабрика ФАВОРИТ БО-П01;50;14.01.2024;1000;RUB;250;25;250;250
RU000A104BX6;НТЦ ЕВРОВЕНТ БО-П01;50;13.01.2024;1000;RUB;250;25;250;250
RU000A105V74;Элемент Лизинг БО 001P-04;2500;12.01.2024;1000;RUB;529,1;2,77;27,7;27,7
RU000A104B04;Петербургснаб 001Р-01;8,014;11.01.2024;1000;RUB;609;1,7;17;17
RU000A0JUW23;РОСБАНК ПАО обл.15-ИП;5000;10.01.2024;1000;RUB;62,5;6,25;62,5;62,5
RU000A103QJ5;МФК Займер - 03;500;09.01.2024;1000;RUB;112;5,55;55,5;55,5
RU000A101UW4;СФО Социального развия 02;1798,53;08.01.2024;1000;RUB;480,01;3,5;35,04;35,04
RU000A101UU8;СФО Социального развия 01;3216,086;08.01.2024;1000;RUB;480,01;3,5;35,04;35,04
RU000A1018T2;ДОМ.РФ Ипотечный агент 13-002P;96608,082;07.01.2024;1000;RUB;242,18;0,52;5,21;5,21
RU000A105658;МСБ-Лизинг 002P-06;200;05.01.2024;1000;RUB;111,04;5,56;55,56;55,56
RU000A1029F8;Лизинг-Трейд 001P-02;500;05.01.2024;1000;RUB;250,3;8,33;83,3;83,3
RU000A100DQ4;ДОМ.РФ Ипотечный агент 09-002P;72973,525;05.01.2024;1000;RUB;192,85;1,84;18,43;18,43
RU000A106GY8;ДиректЛизинг БО 002Р-01;200;04.01.2024;1000;RUB;750;6,25;62,5;62,5
RU000A105G99;СФО ВТБ РКС Эталон 01;10000;02.01.2024;1000;RUB;657,45;5,15;51,46;51,46
RU000A103VD8;МСБ-Лизинг 002P-05;96,142;02.01.2024;1000;RUB;749,98;2,78;27,78;27,78
RU000A100YD8;Нафтатранс плюс ООО БО-02;250;31.12.2023;10000;RUB;1996;6,67;667;667
RU000A1074A5;ДОМ.РФ Ипотечный агент БО 1P38;6111,769;28.12.2023;1000;RUB;901,67;3,86;38,65;38,65
RU000A106HE8;ДОМ.РФ Ипотечный агент БО 1P36;197427,672;28.12.2023;1000;RUB;778,77;5,96;59,65;59,65
RU000A106FR4;Автодор ГК БО-005Р-01;20000;28.12.2023;1000;RUB;800;20;200;200
RU000A106FM5;ДОМ.РФ Ипотечный агент БО 1P34;17391,177;28.12.2023;1000;RUB;906,28;0,82;8,24;8,24
RU000A1065R7;ДОМ.РФ Ипотечный агент БО 1P33;16515,643;28.12.2023;1000;RUB;796,57;1,51;15,08;15,08
RU000A105P72;ДОМ.РФ Ипотечный агент БО 1P28;48883,735;28.12.2023;1000;RUB;736,62;4,11;41,12;41,12
RU000A105NZ3;ДОМ.РФ Ипотечный агент БО 1P32;6128,78;28.12.2023;1000;RUB;829,1;0,88;8,79;8,79
RU000A105NY6;ДОМ.РФ Ипотечный агент БО 1P31;60843,021;28.12.2023;1000;RUB;683,96;4,26;42,62;42,62
RU000A105NN9;ДОМ.РФ Ипотечный агент БО 1P29;54789,504;28.12.2023;1000;RUB;773,19;1,05;10,54;10,54
RU000A105LN3;ДОМ.РФ Ипотечный агент БО 1P27;20597,323;28.12.2023;1000;RUB;744,85;1,23;12,32;12,32
RU000A105JF3;ДОМ.РФ Ипотечный агент БО 1P26;5477,816;28.12.2023;1000;RUB;839,29;0,8;7,99;7,99
RU000A105H23;ДОМ.РФ Ипотечный агент БО 1P25;5527,918;28.12.2023;1000;RUB;664,83;1,74;17,36;17,36
RU000A105CB7;ДОМ.РФ Ипотечный агент БО 1P24;10034,807;28.12.2023;1000;RUB;776;3,1;30,97;30,97
RU000A105AV9;ДОМ.РФ Ипотечный агент БО 1P23;5039,33;28.12.2023;1000;RUB;778,38;3,25;32,5;32,5
RU000A1058R2;ДОМ.РФ Ипотечный агент БО 1P22;6638,733;28.12.2023;1000;RUB;802,35;0,68;6,8;6,8
RU000A105344;ДОМ.РФ Ипотечный агент БО 1P20;155407,08;28.12.2023;1000;RUB;672,91;3,86;38,62;38,62
RU000A104X32;ДОМ.РФ Ипотечный агент БО 1P19;6704,238;28.12.2023;1000;RUB;753,07;1,08;10,8;10,8
RU000A104UV0;ДОМ.РФ Ипотечный агент БО 1P18;6183,696;28.12.2023;1000;RUB;751,51;0,73;7,34;7,34
RU000A104C45;ДОМ.РФ Ипотечный агент БО 1P15;10093,385;28.12.2023;1000;RUB;672,03;3,16;31,65;31,65
RU000A104B79;ДОМ.РФ Ипотечный агент БО 1P16;207605,03;28.12.2023;1000;RUB;616,32;1,02;10,2;10,2
RU000A104AM1;ДОМ.РФ Ипотечный агент БО 1P17;31410,336;28.12.2023;1000;RUB;628,53;1,07;10,68;10,68
RU000A1041Q0;ДОМ.РФ Ипотечный агент БО 1P13;5353,129;28.12.2023;1000;RUB;626,77;1;10,04;10,04
RU000A103125;ДОМ.РФ Ипотечный агент БО 1P7;11252,259;28.12.2023;1000;RUB;426,49;3,06;30,64;30,64
RU000A102L87;ДОМ.РФ Ипотечный агент БО 1P5;49087,016;28.12.2023;1000;RUB;402,98;2,72;27,21;27,21
RU000A102K13;ДОМ.РФ Ипотечный агент БО 1P4;191455,712;28.12.2023;1000;RUB;366,36;2,51;25,08;25,08
RU000A102GD1;ДОМ.РФ Ипотечный агент БО 1P3;16540,117;28.12.2023;1000;RUB;346,9;2,7;27,03;27,03
RU000A100ZB9;ДОМ.РФ Ипотечный агент 10-002P;95652,798;28.12.2023;1000;RUB;236,85;0,54;5,39;5,39
RU000A0ZZZ58;ДОМ.РФ Ипотечный агент 07-002P;46088,517;28.12.2023;1000;RUB;251,3;1,73;17,28;17,28
RU000A0ZZZ09;ДОМ.РФ Ипотечный агент 08-002P;5149,941;28.12.2023;1000;RUB;165,56;1,34;13,35;13,35
RU000A0ZZNW5;ДОМ.РФ Ипотечный агент 04-002P;4751,314;28.12.2023;1000;RUB;135,19;0,95;9,53;9,53
RU000A0JXRM6;ДОМ РФ ИА 01;49999,827;28.12.2023;1000;RUB;163,83;1,24;12,38;12,38
RU000A0JX3M0;ДОМ РФ ИА 001P;2108,581;28.12.2023;1000;RUB;69,12;0,8;7,98;7,98
RU000A106AK0;СОБИ-ЛИЗИНГ 001Р-02;200;26.12.2023;1000;RUB;670;3;30;30
RU000A105UC7;ИА Титан-5 А;2540;26.12.2023;1000;RUB;623,18;8,38;83,82;83,82
RU000A105JN7;Глобал Факторинг БО-01-001P;100;26.12.2023;1000;RUB;680;4;40;40
RU000A105CL6;СОБИ-ЛИЗИНГ 001Р-01;100;26.12.2023;1000;RUB;460;3;30;30
RU000A104CF1;Солид-Лизинг ООО 01;400;26.12.2023;1000;RUB;600;5;50;50
RU000A103S14;ПАО ЛК Европлан 001P-04;7000;26.12.2023;1000;RUB;300;10;100;100
RU000A103RY2;Интерлизинг 001Р-02;1500;26.12.2023;1000;RUB;175;16,5;165;165
RU000A103Q08;ХэндерсонБ01;1802,088;26.12.2023;1000;RUB;450;7,5;75;75
RU000A102M37;Правительство УдмуртскойР34008;10000;26.12.2023;1000;RUB;700;30;300;300
RU000A100PR6;Ярославская область 35017 обл.;3000;26.12.2023;1000;RUB;250;15;150;150
RU000A104C78;АРЕНЗА-ПРО БО-01;300;25.12.2023;1000;RUB;200;10;100;100
RU000A101UL7;ЦГРМ ГЕНЕТИКО;145;25.12.2023;1000;RUB;571,45;14,28;142,85;142,85
RU000A101UG7;Свердловская область 34007;10000;25.12.2023;1000;RUB;500;25;250;250
RU000A100TT4;БЭЛТИ-ГРАНД ООО БО-П02;300;25.12.2023;1000;RUB;76;7,7;77;77
RU000A1078X8;ДиректЛизинг БО 002Р-02;300;23.12.2023;1000;RUB;866,4;1,67;16,7;16,7
RU000A106YR5;ДОМ.РФ Ипотечный агент БО 1P37;29839,165;23.12.2023;1000;RUB;907,36;2,69;26,91;26,91
RU000A103D37;ИА ТБ-1 кл.А;5622,5;23.12.2023;1000;RUB;126,76;4,04;40,35;40,35
RU000A0JXLU2;СФО Локосервис финанс ООО 01;4373;23.12.2023;1000;RUB;240;8,5;85;85
RU000A103RJ3;Первое клиент.бюро НАО 001Р-02;1500;22.12.2023;1000;RUB;500;10;100;100
RU000A101988;МЭФ Московской области 34013;14000;22.12.2023;1000;RUB;400;30;300;300
RU000A105BZ8;СФО Альта;310;21.12.2023;1000;RUB;594,36;18,68;186,83;186,83
RU000A102KT9;Адм. города Краснодар 34003;1600;21.12.2023;1000;RUB;600;40;400;400
RU000A1018G9;Концессии водсн Саратов БО-01;2000;21.12.2023;1000;RUB;833,34;8,33;83,33;83,33
RU000A100030;Автодор ГК БО-002Р-01;2719,8;21.12.2023;1000;RUB;780;11;110;110
RU000A0ZYMJ7;Томская обл. 62 вып.(с аморт.);7000;21.12.2023;1000;RUB;250;25;250;250
RU000A104AX8;МФК Лайм-Займ 01;300;20.12.2023;1000;RUB;500;10;100;100
RU000A1017H9;Автодор ГК БО-002Р-05;18645,167;20.12.2023;1000;RUB;800;5;50;50
RU000A0ZYM47;Ямало-Ненецкий АО об 2017 - 2;5500;20.12.2023;1000;RUB;200;20;200;200
RU000A103C04;Круиз ООО БО-01;50;19.12.2023;1000;RUB;750;5;50;50
RU000A102KG6;ГК Пионер БО 001P-05;5000;19.12.2023;1000;RUB;340;16,5;165;165
RU000A0ZYKW4;ХМАО-Югры об. 35002;7000;19.12.2023;1000;RUB;100;30;300;300
RU000A0ZZQH9;Свердловская область 05;5000;18.12.2023;1000;RUB;200;20;200;200
RU000A1071U9;Элемент Лизинг БО 001P-06;2500;17.12.2023;1000;RUB;750,7;2,77;27,7;27,7
RU000A106KW4;Элемент Лизинг БО 001P-05;3000;17.12.2023;1000;RUB;667,6;2,77;27,7;27,7
RU000A105849;Фордевинд 01;250;15.12.2023;1000;RUB;560;4;40;40
RU000A0ZZM87;Красноярский край 35016 обл.;12000;15.12.2023;1000;RUB;200;10;100;100
RU000A0JWTV5;ГосТранспортЛизингКомп 001P-01;4259,08;15.12.2023;1000;RUB;348;2,7;27;27
RU000A105V74;Элемент Лизинг БО 001P-04;2500;13.12.2023;1000;RUB;529,1;2,77;27,7;27,7
RU000A1016Z3;ПИК-Корпорация 001Р-02;7000;13.12.2023;1000;RUB;250;25;250;250
RU000A0ZYL22;Карачаево-Черкесская Респ 2017;2000;13.12.2023;1000;RUB;250;25;250;250
RU000A0ZYAP9;ГосТранспортЛизингКомп 001P-06;20000;13.12.2023;1000;RUB;656,19;1,46;14,65;14,65
RU000A0JV755;ИА АИЖК 2014-2 кл.А3;6459;13.12.2023;1000;RUB;176,63;2,25;22,52;22,52
RU000A104B04;Петербургснаб 001Р-01;8,014;12.12.2023;1000;RUB;609;1,6;16;16
RU000A102H91;Автодор ГК БО-003Р-01;14000;12.12.2023;1000;RUB;895;3,5;35;35
RU000A101ZU7;ИА Абсолют 5 01;3003;12.12.2023;1000;RUB;260,19;3,1;30,97;30,97
RU000A1016N9;Свердловская область 06;5000;12.12.2023;1000;RUB;750;25;250;250
RU000A0ZYKU8;Калининградская область 2017;2000;12.12.2023;1000;RUB;700;20;200;200
RU000A103QJ5;МФК Займер - 03;500;10.12.2023;1000;RUB;112;5,55;55,5;55,5
RU000A1056T2;Центр-резерв БО-02;100;09.12.2023;1000;RUB;850;5;50;50
RU000A1047S3;Первое клиент.бюро НАО 001Р-03;1500;08.12.2023;1000;RUB;600;10;100;100
RU000A102KP7;СМАК БО-П01;50;08.12.2023;10000;RUB;2000;10;1000;1000
RU000A0ZZXZ7;Кировская область 35001;5000;08.12.2023;1000;RUB;500;25;250;250
RU000A0ZYKJ1;Санкт-Петербург обл. 35002;25000;08.12.2023;1000;RUB;500;25;250;250
RU000A0ZYJ18;Тамбовская обл. 2017;3000;08.12.2023;1000;RUB;700;10;100;100
RU000A103828;ЭнергоТехСервис 001Р-04;1500;07.12.2023;1000;RUB;464;6,7;67;67
RU000A1018T2;ДОМ.РФ Ипотечный агент 13-002P;96608,082;07.12.2023;1000;RUB;242,18;0,6;6,04;6,04
RU000A0ZZ9P8;Самарская область 35014 обл.;8000;07.12.2023;1000;RUB;450;15;150;150
RU000A105658;МСБ-Лизинг 002P-06;200;06.12.2023;1000;RUB;111,04;5,56;55,56;55,56
RU000A1029F8;Лизинг-Трейд 001P-02;500;06.12.2023;1000;RUB;250,3;8,33;83,3;83,3
RU000A106CJ8;МФК Лайм-Займ 03;800;05.12.2023;1000;RUB;800;10;100;100
RU000A1015E0;НоваБев Групп 002P БО-П03;4986,973;05.12.2023;1000;RUB;500;25;250;250
RU000A0JX199;ГосТранспортЛизингКомп 001P-02;7780;04.12.2023;1000;RUB;600,6;4,67;46,7;46,7
RU000A103VD8;МСБ-Лизинг 002P-05;96,142;03.12.2023;1000;RUB;749,98;2,78;27,78;27,78
RU000A0ZZWQ8;Концессии водснаб Саратов 01;1150;01.12.2023;1000;RUB;769,24;7,69;76,92;76,92
RU000A101RB4;Белгородская область 34015;2700;30.11.2023;1000;RUB;535;14;140;140
RU000A101QF7;Ритейл Бел Финанс 001P-01;5000;29.11.2023;1000;RUB;500;25;250;250
RU000A1014S3;ХК Новотранс 001P-01;6000;29.11.2023;1000;RUB;250;12,5;125;125
RU000A0ZYJB0;Минфин Ульяновской обл. 2017;5000;29.11.2023;1000;RUB;400;20;200;200
RU000A0JTFB2;Главная дорога АО об.сер. 06;8172,92;29.11.2023;1000;RUB;625;12,5;125;125
RU000A106FM5;ДОМ.РФ Ипотечный агент БО 1P34;17391,177;28.11.2023;1000;RUB;906,28;0,94;9,38;9,38
RU000A1065R7;ДОМ.РФ Ипотечный агент БО 1P33;16515,643;28.11.2023;1000;RUB;796,57;1,13;11,31;11,31
RU000A105NZ3;ДОМ.РФ Ипотечный агент БО 1P32;6128,78;28.11.2023;1000;RUB;829,1;0,73;7,34;7,34
RU000A105NN9;ДОМ.РФ Ипотечный агент БО 1P29;54789,504;28.11.2023;1000;RUB;773,19;1,24;12,44;12,44
RU000A105LN3;ДОМ.РФ Ипотечный агент БО 1P27;20597,323;28.11.2023;1000;RUB;744,85;1,29;12,91;12,91
RU000A105JF3;ДОМ.РФ Ипотечный агент БО 1P26;5477,816;28.11.2023;1000;RUB;839,29;0,6;6,02;6,02
RU000A105H23;ДОМ.РФ Ипотечный агент БО 1P25;5527,918;28.11.2023;1000;RUB;664,83;1,64;16,38;16,38
RU000A1058R2;ДОМ.РФ Ипотечный агент БО 1P22;6638,733;28.11.2023;1000;RUB;802,35;0,71;7,08;7,08
RU000A104X32;ДОМ.РФ Ипотечный агент БО 1P19;6704,238;28.11.2023;1000;RUB;753,07;0,83;8,29;8,29
RU000A104UV0;ДОМ.РФ Ипотечный агент БО 1P18;6183,696;28.11.2023;1000;RUB;751,51;0,93;9,29;9,29
RU000A104B79;ДОМ.РФ Ипотечный агент БО 1P16;207605,03;28.11.2023;1000;RUB;616,32;1,23;12,25;12,25
RU000A104AM1;ДОМ.РФ Ипотечный агент БО 1P17;31410,336;28.11.2023;1000;RUB;628,53;1,02;10,23;10,23
RU000A104511;ДОМ.РФ Ипотечный агент БО 1P14;69302,783;28.11.2023;1000;RUB;590,06;3,4;34;34
RU000A1041Q0;ДОМ.РФ Ипотечный агент БО 1P13;5353,129;28.11.2023;1000;RUB;626,77;1,07;10,67;10,67
RU000A103YK7;ДОМ.РФ Ипотечный агент БО 1P12;1857,26;28.11.2023;1000;RUB;579,16;3,29;32,9;32,9
RU000A103N43;ДОМ.РФ Ипотечный агент БО 1P9;9749,207;28.11.2023;1000;RUB;574,53;3,42;34,2;34,2
RU000A102L53;ДОМ.РФ Ипотечный агент БО 1P6;45718,936;28.11.2023;1000;RUB;428;2,85;28,48;28,48
RU000A102JB9;ДОМ.РФ Ипотечный агент БО 1P2;10206,258;28.11.2023;1000;RUB;414,32;2,87;28,72;28,72
RU000A102D46;ДОМ.РФ Ипотечный агент 18-002P;14018,879;28.11.2023;1000;RUB;397,85;2,46;24,61;24,61
RU000A102AP8;ДОМ.РФ Ипотечный агент 17-002P;7244,692;28.11.2023;1000;RUB;390,42;3,04;30,39;30,39
RU000A101U95;ДОМ.РФ Ипотечный агент 14-002P;6652,643;28.11.2023;1000;RUB;340,24;2,52;25,18;25,18
RU000A101TD6;ДОМ.РФ Ипотечный агент 15-002P;16252,739;28.11.2023;1000;RUB;279,68;2,31;23,14;23,14
RU000A1019A0;ДОМ.РФ Ипотечный агент 04-001P;2663,462;28.11.2023;1000;RUB;231,29;1,33;13,29;13,29
RU000A1014B9;"О'КЕЙ" ООО БО 001Р-03;5000;28.11.2023;1000;RUB;250;12,5;125;125
RU000A100ZB9;ДОМ.РФ Ипотечный агент 10-002P;95652,798;28.11.2023;1000;RUB;236,85;0,57;5,68;5,68
RU000A0ZZV86;ДОМ.РФ Ипотечный агент 06-002P;74263,788;28.11.2023;1000;RUB;142,58;1,19;11,87;11,87
RU000A103M10;Балтийский лизинг ООО БО-П04;5000;27.11.2023;1000;RUB;175;16,5;165;165
RU000A106AK0;СОБИ-ЛИЗИНГ 001Р-02;200;26.11.2023;1000;RUB;670;3;30;30
RU000A105CL6;СОБИ-ЛИЗИНГ 001Р-01;100;26.11.2023;1000;RUB;460;3;30;30
RU000A102GC3;БЭЛТИ-ГРАНД ООО БО-П03;200;25.11.2023;1000;RUB;460;6;60;60
RU000A1037E4;СпецИнвестЛизинг 001P-03;250;24.11.2023;1000;RUB;250;6,25;62,5;62,5
RU000A1013T3;Липецкая область 11;2500;23.11.2023;1000;RUB;200;20;200;200
RU000A0ZYG60;Саратовская область 2017 об.;5000;22.11.2023;1000;RUB;400;30;300;300
RU000A0JY031;Респ.Марий Эл 2017обл.08;2000;22.11.2023;1000;RUB;250;25;250;250
RU000A0JY023;ГосТранспортЛизингКомп 001P-05;170;22.11.2023;1000;USD;55;4,5;45;3954,15
RU000A102DQ0;Свердловская область 34010;10000;21.11.2023;1000;RUB;400;30;300;300
RU000A105P07;Солид-Лизинг ООО БО-001-07;300;18.11.2023;1000;RUB;800;5;50;50
RU000A1071U9;Элемент Лизинг БО 001P-06;2500;17.11.2023;1000;RUB;750,7;2,77;27,7;27,7
RU000A106KW4;Элемент Лизинг БО 001P-05;3000;17.11.2023;1000;RUB;667,6;2,77;27,7;27,7
RU000A101PA0;Белгородская область 34014;3000;17.11.2023;1000;RUB;550;12,5;125;125
RU000A0JWZ77;Свердловская обл. 03;5000;17.11.2023;1000;RUB;200;20;200;200
RU000A0JWF30;ИАМультиоригинаторный 1 кл.А/4;2126,971;17.11.2023;1000;RUB;3,5;0,37;3,67;3,67
RU000A0ZZ7E6;Республика Саха (Якутия) об.10;5500;16.11.2023;1000;RUB;400;10;100;100
RU000A105849;Фордевинд 01;250;15.11.2023;1000;RUB;560;4;40;40
RU000A102CX8;Минфин Ульяновской обл. 34003;3500;15.11.2023;1000;RUB;300;25;250;250
RU000A102CT6;Свердловская область 35009;8000;15.11.2023;1000;RUB;800;20;200;200
RU000A101DB4;СФО РуСол 1 класс Б;900;15.11.2023;1000;RUB;700,06;1,6;16;16
RU000A101DA6;СФО РуСол 1 класс А;4700;15.11.2023;1000;RUB;652,85;1,89;18,93;18,93
RU000A101D96;СФО РуСол 1 класс В;100;15.11.2023;1000;RUB;777,27;0;0;
RU000A100CN3;Республика Саха (Якутия) об.12;7000;15.11.2023;1000;RUB;600;10;100;100
RU000A102RU2;ПАО ЛК Европлан 001P-01;13000;14.11.2023;1000;RUB;250;25;250;250
RU000A105V74;Элемент Лизинг БО 001P-04;2500;13.11.2023;1000;RUB;529,1;2,77;27,7;27,7
RU000A103JR3;Джи-групп 002P-01;1593,528;13.11.2023;1000;RUB;150;15;150;150
RU000A1033B9;Республика Саха (Якутия) 35015;6500;13.11.2023;1000;RUB;800;10;100;100
RU000A0ZZSW4;Камчатский край 01;1987,163;13.11.2023;1000;RUB;400;30;300;300
RU000A104B04;Петербургснаб 001Р-01;8,014;12.11.2023;1000;RUB;609;1,6;16;16
RU000A103QJ5;МФК Займер - 03;500;10.11.2023;1000;RUB;112;5,55;55,5;55,5
RU000A104TG3;Центр-резерв БО-01;100;08.11.2023;1000;RUB;800;5;50;50
RU000A1018T2;ДОМ.РФ Ипотечный агент 13-002P;96608,082;07.11.2023;1000;RUB;242,18;0,58;5,76;5,76
RU000A0JTB96;Главная дорога АО об.сер. 07;1400;07.11.2023;1000;RUB;750;12,5;125;125
RU000A105658;МСБ-Лизинг 002P-06;200;06.11.2023;1000;RUB;111,04;5,56;55,56;55,56
RU000A1029F8;Лизинг-Трейд 001P-02;500;06.11.2023;1000;RUB;250,3;8,33;83,3;83,3
RU000A0JR4U9;Главная дорога АО об.сер. 03;8000;06.11.2023;1000;RUB;625;12,5;125;125
RU000A103VD8;МСБ-Лизинг 002P-05;96,142;03.11.2023;1000;RUB;749,98;2,78;27,78;27,78
RU000A0ZYFB8;Красноярский край  обл.14;7800;02.11.2023;1000;RUB;500;25;250;250
RU000A103DY2;БЭЛТИ-ГРАНД ООО БО-П04;250;01.11.2023;1000;RUB;805;3,5;35;35
RU000A106FM5;ДОМ.РФ Ипотечный агент БО 1P34;17391,177;28.10.2023;1000;RUB;906,28;0,88;8,83;8,83
RU000A1065R7;ДОМ.РФ Ипотечный агент БО 1P33;16515,643;28.10.2023;1000;RUB;796,57;1,77;17,71;17,71
RU000A105NZ3;ДОМ.РФ Ипотечный агент БО 1P32;6128,78;28.10.2023;1000;RUB;829,1;0,9;8,99;8,99
RU000A105NP4;ДОМ.РФ Ипотечный агент БО 1P30;4465,49;28.10.2023;1000;RUB;754,39;4,13;41,3;41,3
RU000A105NN9;ДОМ.РФ Ипотечный агент БО 1P29;54789,504;28.10.2023;1000;RUB;773,19;1,24;12,4;12,4
RU000A105LN3;ДОМ.РФ Ипотечный агент БО 1P27;20597,323;28.10.2023;1000;RUB;744,85;1,47;14,7;14,7
RU000A105JF3;ДОМ.РФ Ипотечный агент БО 1P26;5477,816;28.10.2023;1000;RUB;839,29;0,97;9,74;9,74
RU000A105H23;ДОМ.РФ Ипотечный агент БО 1P25;5527,918;28.10.2023;1000;RUB;664,83;1,6;15,98;15,98
RU000A1058R2;ДОМ.РФ Ипотечный агент БО 1P22;6638,733;28.10.2023;1000;RUB;802,35;1,17;11,72;11,72
RU000A105898;ДОМ.РФ Ипотечный агент БО 1P21;2317,051;28.10.2023;1000;RUB;757,48;4,78;47,8;47,8
RU000A104X32;ДОМ.РФ Ипотечный агент БО 1P19;6704,238;28.10.2023;1000;RUB;753,07;0,91;9,14;9,14
RU000A104UV0;ДОМ.РФ Ипотечный агент БО 1P18;6183,696;28.10.2023;1000;RUB;751,51;1,07;10,74;10,74
RU000A104B79;ДОМ.РФ Ипотечный агент БО 1P16;207605,03;28.10.2023;1000;RUB;616,32;1,17;11,72;11,72
RU000A104AM1;ДОМ.РФ Ипотечный агент БО 1P17;31410,336;28.10.2023;1000;RUB;628,53;1,36;13,57;13,57
RU000A1041Q0;ДОМ.РФ Ипотечный агент БО 1P13;5353,129;28.10.2023;1000;RUB;626,77;1,07;10,7;10,7
RU000A103YG5;ДОМ.РФ Ипотечный агент БО 1P11;48293,483;28.10.2023;1000;RUB;645,89;3,6;35,96;35,96
RU000A103W42;ДОМ.РФ Ипотечный агент БО 1P10;3087,641;28.10.2023;1000;RUB;638,56;3,44;34,39;34,39
RU000A1031K4;ДОМ.РФ Ипотечный агент БО 1P8;4742,319;28.10.2023;1000;RUB;515,29;2,7;27,04;27,04
RU000A102MB3;ИА Титан-3 01;2275;28.10.2023;1000;RUB;163,18;4,18;41,8;41,8
RU000A102GV3;ДОМ.РФ Ипотечный агент БО 1P1;5825,188;28.10.2023;1000;RUB;456,76;2,53;25,29;25,29
RU000A101X01;ДОМ.РФ Ипотечный агент 16-002P;1035,6;28.10.2023;1000;RUB;355,39;2,79;27,88;27,88
RU000A101JD7;ДОМ.РФ Ипотечный агент 05-001P;7207,044;28.10.2023;1000;RUB;303,26;2,07;20,74;20,74
RU000A1016B4;ДОМ.РФ Ипотечный агент 12-002P;24085,632;28.10.2023;1000;RUB;304,67;2,29;22,89;22,89
RU000A100ZB9;ДОМ.РФ Ипотечный агент 10-002P;95652,798;28.10.2023;1000;RUB;236,85;0,61;6,14;6,14
RU000A100YY4;ДОМ.РФ Ипотечный агент 11-002P;4923,727;28.10.2023;1000;RUB;274,76;1,7;16,98;16,98
RU000A0ZZCH9;ДОМ.РФ Ипотечный агент 05-002P;6187,764;28.10.2023;1000;RUB;176,92;1,38;13,82;13,82
RU000A0ZYLX0;ДОМ РФ ИА 03;1957,905;28.10.2023;1000;RUB;86,06;0,82;8,22;8,22
RU000A0ZYL89;ДОМ РФ ИА 04;7557,011;28.10.2023;1000;RUB;63,44;0,54;5,44;5,44
RU000A0ZYJT2;ДОМ РФ ИА 002P;48197,806;28.10.2023;1000;RUB;64,32;0,65;6,52;6,52
RU000A106AK0;СОБИ-ЛИЗИНГ 001Р-02;200;27.10.2023;1000;RUB;670;3;30;30
RU000A105CL6;СОБИ-ЛИЗИНГ 001Р-01;100;27.10.2023;1000;RUB;460;3;30;30
RU000A101Z66;Балтийский лизинг ООО БО-П03;5000;27.10.2023;1000;RUB;125;12,5;125;125
RU000A101D54;ГТЛК-1520 П01-БО-02;35600;27.10.2023;1000;RUB;575;2,5;25;25
RU000A102AB8;Завод КЭС 001P-02;200;26.10.2023;1000;RUB;500;30;300;300
RU000A100ZL8;Группа ЛСР ПАО БО 001Р-05;6000;26.10.2023;1000;RUB;400;40;400;400
RU000A100Z91;ГТЛК БО 001P-15;25000;24.10.2023;1000;RUB;400;20;200;200
RU000A0ZZR33;Липецкая область 10;3000;24.10.2023;1000;RUB;300;10;100;100
RU000A0JXS83;Ярославская обл. об.2017г.;10000;24.10.2023;1000;RUB;750;12,5;125;125
RU000A0JWHW8;Новосибирск  мун.обл. 2016;3000;24.10.2023;1000;RUB;300;15;150;150
RU000A0ZYDU3;Свердловская обл. 04;10000;23.10.2023;1000;RUB;400;20;200;200
RU000A102ZC3;СФО Азимут 01;1600;20.10.2023;1000;RUB;445,66;6,39;63,9;63,9
RU000A0ZZQQ0;Хабаровский край 07;5000;20.10.2023;1000;RUB;600;20;200;200
RU000A106KW4;Элемент Лизинг БО 001P-05;3000;18.10.2023;1000;RUB;667,6;2,77;27,7;27,7
RU000A1029A9;ФГУП Росморпорт 001Р-01;4000;18.10.2023;1000;RUB;500;25;250;250
RU000A100YE6;ТрансКонтейнер ПБО-01;10000;18.10.2023;1000;RUB;250;25;250;250
RU000A104VD6;СФО Спутник Фин 01;440;17.10.2023;1000;RUB;347,5;8,26;82,63;82,63
RU000A102A15;Санкт-Петербург обл. 35003;30000;17.10.2023;1000;RUB;700;30;300;300
RU000A100Y84;Белгородская область 34013 обл;2000;17.10.2023;1000;RUB;250;25;250;250
RU000A105849;Фордевинд 01;250;16.10.2023;1000;RUB;560;4;40;40
RU000A105427;БЭЛТИ-ГРАНД ООО БО-П05;250;16.10.2023;1000;RUB;750;10;100;100
RU000A105V74;Элемент Лизинг БО 001P-04;2500;14.10.2023;1000;RUB;529,1;2,77;27,7;27,7
RU000A104B04;Петербургснаб 001Р-01;8,014;13.10.2023;1000;RUB;609;1,6;16;16
RU000A103QJ5;МФК Займер - 03;500;11.10.2023;1000;RUB;112;5,55;55,5;55,5
RU000A100XP4;МЭФ Московской области 2019;25000;10.10.2023;1000;RUB;250;25;250;250
RU000A0JUW23;РОСБАНК ПАО обл.15-ИП;5000;10.10.2023;1000;RUB;62,5;6,25;62,5;62,5
RU000A102ZH2;ЯТЭК 001Р-02;5000;09.10.2023;1000;RUB;600;20;200;200
RU000A105AJ4;МФК Лайм-Займ 02;500;08.10.2023;1000;RUB;700;10;100;100
RU000A101UW4;СФО Социального развия 02;1798,53;08.10.2023;1000;RUB;480,01;3,5;35,04;35,04
RU000A101UU8;СФО Социального развия 01;3216,086;08.10.2023;1000;RUB;480,01;3,5;35,04;35,04
RU000A105658;МСБ-Лизинг 002P-06;200;07.10.2023;1000;RUB;111,04;5,56;55,56;55,56
RU000A1018T2;ДОМ.РФ Ипотечный агент 13-002P;96608,082;07.10.2023;1000;RUB;242,18;0,64;6,37;6,37
RU000A0JRU46;Северо-Зап.концес.комп. сер.04;5000;06.10.2023;1000;RUB;709;3;30;30
RU000A0JRU20;Северо-Зап.концес.комп. сер.03;5000;06.10.2023;1000;RUB;709;3;30;30
RU000A106GY8;ДиректЛизинг БО 002Р-01;200;05.10.2023;1000;RUB;750;6,25;62,5;62,5
RU000A100DQ4;ДОМ.РФ Ипотечный агент 09-002P;72973,525;05.10.2023;1000;RUB;192,85;1,99;19,94;19,94
RU000A0ZZC48;Красноярский край 35015 обл.;12000;05.10.2023;1000;RUB;200;20;200;200
RU000A0ZYCM2;Красноярский край  обл.13;10000;05.10.2023;1000;RUB;500;25;250;250
RU000A100YD8;Нафтатранс плюс ООО БО-02;250;02.10.2023;10000;RUB;1996;6,67;667;667
RU000A0JTW83;ДОМ.РФ (АО) обл. сер.А25;6000;01.10.2023;1000;RUB;800;20;200;200
XS0114288789;ГОВОЗ РФ SK-0-CM-128 (XS);8823,874;30.09.2023;1;USD;0,075;2;0,02;1,95
RU000A100WA8;Группа ЛСР ПАО БО 001Р-04;7000;29.09.2023;1000;RUB;400;40;400;400
RU000A106HE8;ДОМ.РФ Ипотечный агент БО 1P36;197427,672;28.09.2023;1000;RUB;778,77;7,25;72,52;72,52
RU000A106FM5;ДОМ.РФ Ипотечный агент БО 1P34;17391,177;28.09.2023;1000;RUB;906,28;0,88;8,85;8,85
RU000A1065R7;ДОМ.РФ Ипотечный агент БО 1P33;16515,643;28.09.2023;1000;RUB;796,57;2,12;21,17;21,17
RU000A105P72;ДОМ.РФ Ипотечный агент БО 1P28;48883,735;28.09.2023;1000;RUB;736,62;4,86;48,61;48,61
RU000A105NZ3;ДОМ.РФ Ипотечный агент БО 1P32;6128,78;28.09.2023;1000;RUB;829,1;1,16;11,57;11,57
RU000A105NY6;ДОМ.РФ Ипотечный агент БО 1P31;60843,021;28.09.2023;1000;RUB;683,96;4,93;49,31;49,31
RU000A105NN9;ДОМ.РФ Ипотечный агент БО 1P29;54789,504;28.09.2023;1000;RUB;773,19;1,31;13,09;13,09
RU000A105LN3;ДОМ.РФ Ипотечный агент БО 1P27;20597,323;28.09.2023;1000;RUB;744,85;1,69;16,91;16,91
RU000A105JF3;ДОМ.РФ Ипотечный агент БО 1P26;5477,816;28.09.2023;1000;RUB;839,29;0,99;9,89;9,89
RU000A105H23;ДОМ.РФ Ипотечный агент БО 1P25;5527,918;28.09.2023;1000;RUB;664,83;2,58;25,84;25,84
RU000A105CB7;ДОМ.РФ Ипотечный агент БО 1P24;10034,807;28.09.2023;1000;RUB;776;4,03;40,26;40,26
RU000A105AV9;ДОМ.РФ Ипотечный агент БО 1P23;5039,33;28.09.2023;1000;RUB;778,38;4,42;44,25;44,25
RU000A1058R2;ДОМ.РФ Ипотечный агент БО 1P22;6638,733;28.09.2023;1000;RUB;802,35;1,05;10,52;10,52
RU000A105344;ДОМ.РФ Ипотечный агент БО 1P20;155407,08;28.09.2023;1000;RUB;672,91;4,4;44,03;44,03
RU000A104X32;ДОМ.РФ Ипотечный агент БО 1P19;6704,238;28.09.2023;1000;RUB;753,07;1,28;12,83;12,83
RU000A104UV0;ДОМ.РФ Ипотечный агент БО 1P18;6183,696;28.09.2023;1000;RUB;751,51;1,11;11,06;11,06
RU000A104C45;ДОМ.РФ Ипотечный агент БО 1P15;10093,385;28.09.2023;1000;RUB;672,03;3,53;35,34;35,34
RU000A104B79;ДОМ.РФ Ипотечный агент БО 1P16;207605,03;28.09.2023;1000;RUB;616,32;1,39;13,92;13,92
RU000A104AM1;ДОМ.РФ Ипотечный агент БО 1P17;31410,336;28.09.2023;1000;RUB;628,53;1,26;12,64;12,64
RU000A1041Q0;ДОМ.РФ Ипотечный агент БО 1P13;5353,129;28.09.2023;1000;RUB;626,77;1,22;12,16;12,16
RU000A103125;ДОМ.РФ Ипотечный агент БО 1P7;11252,259;28.09.2023;1000;RUB;426,49;3,47;34,67;34,67
RU000A102L87;ДОМ.РФ Ипотечный агент БО 1P5;49087,016;28.09.2023;1000;RUB;402,98;3,14;31,35;31,35
RU000A102K13;ДОМ.РФ Ипотечный агент БО 1P4;191455,712;28.09.2023;1000;RUB;366,36;2,79;27,86;27,86
RU000A102GD1;ДОМ.РФ Ипотечный агент БО 1P3;16540,117;28.09.2023;1000;RUB;346,9;3,01;30,1;30,1
RU000A100ZB9;ДОМ.РФ Ипотечный агент 10-002P;95652,798;28.09.2023;1000;RUB;236,85;0,66;6,65;6,65
RU000A0ZZZ58;ДОМ.РФ Ипотечный агент 07-002P;46088,517;28.09.2023;1000;RUB;251,3;1,9;19,02;19,02
RU000A0ZZZ09;ДОМ.РФ Ипотечный агент 08-002P;5149,941;28.09.2023;1000;RUB;165,56;1,73;17,3;17,3
RU000A0ZZNW5;ДОМ.РФ Ипотечный агент 04-002P;4751,314;28.09.2023;1000;RUB;135,19;1,38;13,78;13,78
RU000A0JXRM6;ДОМ РФ ИА 01;49999,827;28.09.2023;1000;RUB;163,83;1,4;13,98;13,98
RU000A0JX3M0;ДОМ РФ ИА 001P;2108,581;28.09.2023;1000;RUB;69,12;0,57;5,71;5,71
RU000A106AK0;СОБИ-ЛИЗИНГ 001Р-02;200;27.09.2023;1000;RUB;670;3;30;30
RU000A105CL6;СОБИ-ЛИЗИНГ 001Р-01;100;27.09.2023;1000;RUB;460;3;30;30
RU000A1026B3;Республика Башкортостан 34011;5000;27.09.2023;1000;RUB;700;30;300;300
RU000A105UC7;ИА Титан-5 А;2540;26.09.2023;1000;RUB;623,18;8,15;81,47;81,47
RU000A104CF1;Солид-Лизинг ООО 01;400;26.09.2023;1000;RUB;600;5;50;50
RU000A103S14;ПАО ЛК Европлан 001P-04;7000;26.09.2023;1000;RUB;300;10;100;100
RU000A103RY2;Интерлизинг 001Р-02;1500;26.09.2023;1000;RUB;175;16,5;165;165
RU000A103Q08;ХэндерсонБ01;1802,088;26.09.2023;1000;RUB;450;7,5;75;75
RU000A100TT4;БЭЛТИ-ГРАНД ООО БО-П02;300;26.09.2023;1000;RUB;76;7,7;77;77
RU000A104C78;АРЕНЗА-ПРО БО-01;300;25.09.2023;1000;RUB;200;10;100;100
RU000A1058U6;МФК КарМани 02;274,622;24.09.2023;1000;RUB;700;10;100;100
RU000A0ZZEM5;Ярославская область 35016 обл.;3000;24.09.2023;1000;RUB;550;15;150;150
RU000A103D37;ИА ТБ-1 кл.А;5622,5;23.09.2023;1000;RUB;126,76;5,02;50,21;50,21
RU000A0JXLU2;СФО Локосервис финанс ООО 01;4373;23.09.2023;1000;RUB;240;8,5;85;85
RU000A103RJ3;Первое клиент.бюро НАО 001Р-02;1500;22.09.2023;1000;RUB;500;10;100;100
RU000A102L79;Минфин Челябинской обл 35003;8000;22.09.2023;1000;RUB;800;20;200;200
RU000A102L61;Минфин Челябинской обл 35002;8000;22.09.2023;1000;RUB;800;20;200;200
RU000A103C04;Круиз ООО БО-01;50;20.09.2023;1000;RUB;750;5;50;50
RU000A102KG6;ГК Пионер БО 001P-05;5000;19.09.2023;1000;RUB;340;16,5;165;165
RU000A102598;Липецкая область 34012;2500;19.09.2023;1000;RUB;400;20;200;200
RU000A0ZYB40;Минфин Кузбасса 2017;9000;19.09.2023;1000;RUB;250;25;250;250
RU000A106KW4;Элемент Лизинг БО 001P-05;3000;18.09.2023;1000;RUB;667,6;2,77;27,7;27,7
RU000A105849;Фордевинд 01;250;16.09.2023;1000;RUB;560;4;40;40
RU000A105V74;Элемент Лизинг БО 001P-04;2500;14.09.2023;1000;RUB;529,1;2,77;27,7;27,7
RU000A104B04;Петербургснаб 001Р-01;8,014;13.09.2023;1000;RUB;609;1,6;16;16
RU000A103R98;МФК КарМани 01;400;13.09.2023;1000;RUB;500;10;100;100
RU000A0ZYAP9;ГосТранспортЛизингКомп 001P-06;20000;13.09.2023;1000;RUB;656,19;1,4;14;14
RU000A0JV755;ИА АИЖК 2014-2 кл.А3;6459;13.09.2023;1000;RUB;176,63;2,48;24,84;24,84
RU000A102H34;Ставропольский край 35004;10000;12.09.2023;1000;RUB;750;25;250;250
RU000A101ZU7;ИА Абсолют 5 01;3003;12.09.2023;1000;RUB;260,19;3,35;33,47;33,47
RU000A103QJ5;МФК Займер - 03;500;11.09.2023;1000;RUB;112;5,55;55,5;55,5
RU000A102KP7;СМАК БО-П01;50;09.09.2023;10000;RUB;2000;10;1000;1000
RU000A1047S3;Первое клиент.бюро НАО 001Р-03;1500;08.09.2023;1000;RUB;600;10;100;100
RU000A105658;МСБ-Лизинг 002P-06;200;07.09.2023;1000;RUB;111,04;5,56;55,56;55,56
RU000A103NJ2;Реиннольц 001Р-01;100;07.09.2023;1000;RUB;600;20;200;200
RU000A103828;ЭнергоТехСервис 001Р-04;1500;07.09.2023;1000;RUB;464;6,7;67;67
RU000A1018T2;ДОМ.РФ Ипотечный агент 13-002P;96608,082;07.09.2023;1000;RUB;242,18;0,58;5,78;5,78
RU000A102FV5;Минфин Челябинской обл 35001;7000;05.09.2023;1000;RUB;800;20;200;200
RU000A0JV0T3;Ситиматик АО обл.02;1700;02.09.2023;1000;RUB;285;57,2;572;572
RU000A1014S3;ХК Новотранс 001P-01;6000;30.08.2023;1000;RUB;250;12,5;125;125
RU000A1014B9;"О'КЕЙ" ООО БО 001Р-03;5000;29.08.2023;1000;RUB;250;12,5;125;125
RU000A0ZZ8X4;Краснодарский край 35002 обл.;10000;29.08.2023;1000;RUB;500;25;250;250
RU000A106FM5;ДОМ.РФ Ипотечный агент БО 1P34;17391,177;28.08.2023;1000;RUB;906,28;1,75;17,46;17,46
RU000A1065R7;ДОМ.РФ Ипотечный агент БО 1P33;16515,643;28.08.2023;1000;RUB;796,57;1,93;19,29;19,29
RU000A105NZ3;ДОМ.РФ Ипотечный агент БО 1P32;6128,78;28.08.2023;1000;RUB;829,1;1,08;10,79;10,79
RU000A105NN9;ДОМ.РФ Ипотечный агент БО 1P29;54789,504;28.08.2023;1000;RUB;773,19;1,39;13,87;13,87
RU000A105LN3;ДОМ.РФ Ипотечный агент БО 1P27;20597,323;28.08.2023;1000;RUB;744,85;1,48;14,77;14,77
RU000A105JF3;ДОМ.РФ Ипотечный агент БО 1P26;5477,816;28.08.2023;1000;RUB;839,29;1,01;10,12;10,12
RU000A105H23;ДОМ.РФ Ипотечный агент БО 1P25;5527,918;28.08.2023;1000;RUB;664,83;1,94;19,38;19,38
RU000A105CL6;СОБИ-ЛИЗИНГ 001Р-01;100;28.08.2023;1000;RUB;460;3;30;30
RU000A1058R2;ДОМ.РФ Ипотечный агент БО 1P22;6638,733;28.08.2023;1000;RUB;802,35;0,88;8,8;8,8
RU000A104X32;ДОМ.РФ Ипотечный агент БО 1P19;6704,238;28.08.2023;1000;RUB;753,07;1,06;10,65;10,65
RU000A104UV0;ДОМ.РФ Ипотечный агент БО 1P18;6183,696;28.08.2023;1000;RUB;751,51;1,14;11,4;11,4
RU000A104B79;ДОМ.РФ Ипотечный агент БО 1P16;207605,03;28.08.2023;1000;RUB;616,32;1,22;12,19;12,19
RU000A104AM1;ДОМ.РФ Ипотечный агент БО 1P17;31410,336;28.08.2023;1000;RUB;628,53;1,19;11,87;11,87
RU000A104511;ДОМ.РФ Ипотечный агент БО 1P14;69302,783;28.08.2023;1000;RUB;590,06;3,52;35,15;35,15
RU000A1041Q0;ДОМ.РФ Ипотечный агент БО 1P13;5353,129;28.08.2023;1000;RUB;626,77;1,08;10,8;10,8
RU000A103YK7;ДОМ.РФ Ипотечный агент БО 1P12;1857,26;28.08.2023;1000;RUB;579,16;3,85;38,46;38,46
RU000A103N43;ДОМ.РФ Ипотечный агент БО 1P9;9749,207;28.08.2023;1000;RUB;574,53;3,59;35,86;35,86
RU000A103M10;Балтийский лизинг ООО БО-П04;5000;28.08.2023;1000;RUB;175;16,5;165;165
RU000A102L53;ДОМ.РФ Ипотечный агент БО 1P6;45718,936;28.08.2023;1000;RUB;428;2,81;28,08;28,08
RU000A102JB9;ДОМ.РФ Ипотечный агент БО 1P2;10206,258;28.08.2023;1000;RUB;414,32;2,99;29,85;29,85
RU000A102D46;ДОМ.РФ Ипотечный агент 18-002P;14018,879;28.08.2023;1000;RUB;397,85;2,56;25,62;25,62
RU000A102AP8;ДОМ.РФ Ипотечный агент 17-002P;7244,692;28.08.2023;1000;RUB;390,42;3,08;30,77;30,77
RU000A101U95;ДОМ.РФ Ипотечный агент 14-002P;6652,643;28.08.2023;1000;RUB;340,24;2,6;26,04;26,04
RU000A101TD6;ДОМ.РФ Ипотечный агент 15-002P;16252,739;28.08.2023;1000;RUB;279,68;2,27;22,66;22,66
RU000A1019A0;ДОМ.РФ Ипотечный агент 04-001P;2663,462;28.08.2023;1000;RUB;231,29;2,1;20,98;20,98
RU000A100ZB9;ДОМ.РФ Ипотечный агент 10-002P;95652,798;28.08.2023;1000;RUB;236,85;0,64;6,45;6,45
RU000A0ZZV86;ДОМ.РФ Ипотечный агент 06-002P;74263,788;28.08.2023;1000;RUB;142,58;1,26;12,59;12,59
RU000A0ZZNJ2;Республика Саха (Якутия) об.11;6000;28.08.2023;1000;RUB;400;10;100;100
RU000A102GC3;БЭЛТИ-ГРАНД ООО БО-П03;200;27.08.2023;1000;RUB;460;6;60;60
RU000A101WD0;Ярославская область 35018;4000;27.08.2023;1000;RUB;400;20;200;200
RU000A1037E4;СпецИнвестЛизинг 001P-03;250;26.08.2023;1000;RUB;250;6,25;62,5;62,5
RU000A1022G1;Бизнес-Недвижимость 001Р-01;4000;25.08.2023;1000;RUB;400;20;200;200
RU0002867854;ОФЗ-АД 46011 20/08/25;19,297;23.08.2023;1000;RUB;500;10;100;100
RU000A0JY023;ГосТранспортЛизингКомп 001P-05;170;23.08.2023;1000;USD;55;4,5;45;4235,33
RU000A105492;ЭНЕРГОНИКА 001Р-03;100;22.08.2023;1000;RUB;900;10;100;100
RU000A105P07;Солид-Лизинг ООО БО-001-07;300;20.08.2023;1000;RUB;800;5;50;50
RU000A106KW4;Элемент Лизинг БО 001P-05;3000;19.08.2023;1000;RUB;667,6;2,77;27,7;27,7
RU000A0ZZ7E6;Республика Саха (Якутия) об.10;5500;17.08.2023;1000;RUB;400;10;100;100
RU000A0JWF30;ИАМультиоригинаторный 1 кл.А/4;2126,971;17.08.2023;1000;RUB;3,5;0,47;4,67;4,67
RU000A100CN3;Республика Саха (Якутия) об.12;7000;16.08.2023;1000;RUB;600;10;100;100
RU000A105V74;Элемент Лизинг БО 001P-04;2500;15.08.2023;1000;RUB;529,1;2,77;27,7;27,7
RU000A101DB4;СФО РуСол 1 класс Б;900;15.08.2023;1000;RUB;700,06;1,55;15,48;15,48
RU000A101DA6;СФО РуСол 1 класс А;4700;15.08.2023;1000;RUB;652,85;1,84;18,4;18,4
RU000A101D96;СФО РуСол 1 класс В;100;15.08.2023;1000;RUB;777,27;0;0;
RU000A104B04;Петербургснаб 001Р-01;8,014;14.08.2023;1000;RUB;609;1,6;16;16
RU000A103JR3;Джи-групп 002P-01;1593,528;14.08.2023;1000;RUB;150;15;150;150
RU000A1024L7;Томская область 2020;20000;13.08.2023;1000;RUB;800;20;200;200
RU000A103QJ5;МФК Займер - 03;500;12.08.2023;1000;RUB;112;5,55;55,5;55,5
RU000A0JXYS9;Краснодарский кр. 35001 обл.;10000;11.08.2023;1000;RUB;400;30;300;300
RU000A104TG3;Центр-резерв БО-01;100;10.08.2023;1000;RUB;800;5;50;50
RU000A1020W2;Светофор Групп АО БО-П02;200;10.08.2023;1000;RUB;700;20;200;200
RU000A105658;МСБ-Лизинг 002P-06;200;08.08.2023;1000;RUB;111,04;5,56;55,56;55,56
RU000A1018T2;ДОМ.РФ Ипотечный агент 13-002P;96608,082;07.08.2023;1000;RUB;242,18;0,57;5,65;5,65
RU000A1010D3;Республика Саха (Якутия) об.13;5000;07.08.2023;1000;RUB;700;10;100;100
RU000A100PP0;Белгородская область 34012 обл;2000;07.08.2023;1000;RUB;250;25;250;250
RU000A103H25;НПО ХимТэк 001P-01;150;03.08.2023;1000;RUB;800;10;100;100
RU000A103DY2;БЭЛТИ-ГРАНД ООО БО-П04;250;03.08.2023;1000;RUB;805;3,5;35;35
RU000A105CL6;СОБИ-ЛИЗИНГ 001Р-01;100;29.07.2023;1000;RUB;460;3;30;30
RU000A1065R7;ДОМ.РФ Ипотечный агент БО 1P33;16515,643;28.07.2023;1000;RUB;796,57;1,73;17,31;17,31
RU000A105NZ3;ДОМ.РФ Ипотечный агент БО 1P32;6128,78;28.07.2023;1000;RUB;829,1;1;9,96;9,96
RU000A105NP4;ДОМ.РФ Ипотечный агент БО 1P30;4465,49;28.07.2023;1000;RUB;754,39;5,23;52,29;52,29
RU000A105NN9;ДОМ.РФ Ипотечный агент БО 1P29;54789,504;28.07.2023;1000;RUB;773,19;1,39;13,89;13,89
RU000A105LN3;ДОМ.РФ Ипотечный агент БО 1P27;20597,323;28.07.2023;1000;RUB;744,85;1,49;14,86;14,86
RU000A105JF3;ДОМ.РФ Ипотечный агент БО 1P26;5477,816;28.07.2023;1000;RUB;839,29;0,98;9,84;9,84
RU000A105H23;ДОМ.РФ Ипотечный агент БО 1P25;5527,918;28.07.2023;1000;RUB;664,83;2,87;28,69;28,69
RU000A1058R2;ДОМ.РФ Ипотечный агент БО 1P22;6638,733;28.07.2023;1000;RUB;802,35;1,2;12,04;12,04
RU000A105898;ДОМ.РФ Ипотечный агент БО 1P21;2317,051;28.07.2023;1000;RUB;757,48;4,14;41,37;41,37
RU000A104X32;ДОМ.РФ Ипотечный агент БО 1P19;6704,238;28.07.2023;1000;RUB;753,07;1,12;11,24;11,24
RU000A104UV0;ДОМ.РФ Ипотечный агент БО 1P18;6183,696;28.07.2023;1000;RUB;751,51;0,99;9,91;9,91
RU000A104B79;ДОМ.РФ Ипотечный агент БО 1P16;207605,03;28.07.2023;1000;RUB;616,32;1,3;13,04;13,04
RU000A104AM1;ДОМ.РФ Ипотечный агент БО 1P17;31410,336;28.07.2023;1000;RUB;628,53;1,22;12,21;12,21
RU000A1041Q0;ДОМ.РФ Ипотечный агент БО 1P13;5353,129;28.07.2023;1000;RUB;626,77;1,16;11,56;11,56
RU000A103YG5;ДОМ.РФ Ипотечный агент БО 1P11;48293,483;28.07.2023;1000;RUB;645,89;3,71;37,12;37,12
RU000A103W42;ДОМ.РФ Ипотечный агент БО 1P10;3087,641;28.07.2023;1000;RUB;638,56;3,64;36,43;36,43
RU000A1031K4;ДОМ.РФ Ипотечный агент БО 1P8;4742,319;28.07.2023;1000;RUB;515,29;3,2;32;32
RU000A102MB3;ИА Титан-3 01;2275;28.07.2023;1000;RUB;163,18;4,69;46,86;46,86
RU000A102GV3;ДОМ.РФ Ипотечный агент БО 1P1;5825,188;28.07.2023;1000;RUB;456,76;2,57;25,67;25,67
RU000A101Z66;Балтийский лизинг ООО БО-П03;5000;28.07.2023;1000;RUB;125;12,5;125;125
RU000A101X01;ДОМ.РФ Ипотечный агент 16-002P;1035,6;28.07.2023;1000;RUB;355,39;2,58;25,82;25,82
RU000A101JD7;ДОМ.РФ Ипотечный агент 05-001P;7207,044;28.07.2023;1000;RUB;303,26;2,26;22,56;22,56
RU000A101D54;ГТЛК-1520 П01-БО-02;35600;28.07.2023;1000;RUB;575;2,5;25;25
RU000A1016B4;ДОМ.РФ Ипотечный агент 12-002P;24085,632;28.07.2023;1000;RUB;304,67;2,49;24,87;24,87
RU000A100ZB9;ДОМ.РФ Ипотечный агент 10-002P;95652,798;28.07.2023;1000;RUB;236,85;0,62;6,23;6,23
RU000A100YY4;ДОМ.РФ Ипотечный агент 11-002P;4923,727;28.07.2023;1000;RUB;274,76;1,66;16,64;16,64
RU000A0ZZCH9;ДОМ.РФ Ипотечный агент 05-002P;6187,764;28.07.2023;1000;RUB;176,92;1,2;12,01;12,01
RU000A0ZYLX0;ДОМ РФ ИА 03;1957,905;28.07.2023;1000;RUB;86,06;0,83;8,3;8,3
RU000A0ZYL89;ДОМ РФ ИА 04;7557,011;28.07.2023;1000;RUB;63,44;0,53;5,29;5,29
RU000A0ZYJT2;ДОМ РФ ИА 002P;48197,806;28.07.2023;1000;RUB;64,32;0,71;7,1;7,1
RU000A0ZYH93;Новосибирск  мун.обл. 2017;5000;25.07.2023;1000;RUB;300;20;200;200